description,category
spent on bp monitor device,Health
coffee starbucks,Food
Local train pass,Transport
Rcb certificate,Other
Trimmer philips buy,Shopping
payment for bluetooth earbuds,Shopping
naan with,Food
expense for butter chicken dinner,Food
bus monthly,Transport
spent on bike service center,Transport
monthly doctor consultation fee,Health
spent on ipl tickets stadium,Entertainment
monthly smart watch fitness,Shopping
weekly udemy course purchase,Study Materials
fitness equipment buy,Health
monthly cab surge pricing night,Transport
HELICOPTER TOUR BOOKING,Transport
PICNIC OUTING EXPENSES,Entertainment
Affidavit legal fee,Other
laser tag game,Entertainment
fairy string,Shopping
purchased rental car charges,Transport
property tax payment,Bills
bike emi,Bills
health insurance premium,Health
pizza from,Food
HARD DISK EXTERNAL,Study Materials
Pencil eraser set,Study Materials
Engine oil change,Transport
bought fish fry dinner,Food
expense for gym membership monthly,Bills
church donation,Other
purchased laundry service monthly,Bills
bought bus pass monthly,Transport
test blood,Health
Voot select monthly,Entertainment
monthly soup at restaurant,Food
monthly scooter sharing bounce,Transport
paid for amusement park tickets,Entertainment
purchased uber go ride home,Transport
Metro smart card recharge,Transport
wireless headphones,Shopping
Donut from dunkin,Food
Thermometer digital,Health
nike shoes,Shopping
weekly tracing paper roll,Study Materials
payment for psychiatrist counseling,Health
late fee library,Other
diesel for,Transport
charged for milkshake keventers,Food
payment for news subscription digital,Bills
experiment kit,Study Materials
monthly go karting racing,Entertainment
purchased grooming kit set,Shopping
Credit card bill,Bills
weekly music subscription bill,Bills
NOODLES FROM CHINESE STALL,Food
Server hosting monthly,Bills
weekly ecg test charges,Health
Driver salary payment,Bills
weekly diwali crackers,Entertainment
monthly hackerrank premium,Study Materials
paneer butter masala dinner,Food
paid for lock repair service,Other
Milkshake keventers,Food
payment for bakery pastry,Food
Glue stick fevicol,Study Materials
mouse wireless buy,Study Materials
Key duplicate making,Other
charged for biscuits parle g,Food
show tickets,Entertainment
cricket bat,Shopping
bought court stamp paper,Other
charger usb,Shopping
Trekking trip entry,Entertainment
ACNE MEDICATION CREAM,Health
expense for penalty charges bank,Other
shawarma roll,Food
Sunscreen spf purchase,Health
Poha jalebi breakfast,Food
funicular fare,Transport
AWS CERTIFICATION VOUCHER,Study Materials
paid for nebulizer mask buy,Health
tea and snacks,Food
legal fee,Other
consultation fee,Health
new frame,Health
Driving license renewal,Other
razor shaving kit,Shopping
purchased indriver cab fare,Transport
payment for gas cylinder refill,Bills
bought concert ticket booking,Entertainment
expense for ice cream sundae,Food
weekly cruise ship ticket,Transport
bought juice from fresh bar,Food
weekly notebook and pens,Study Materials
Laundry service monthly,Bills
weekly lunch at canteen,Food
Punching machine buy,Study Materials
postal stamp letter,Other
FISH FRY DINNER,Food
service home,Bills
edx course fee,Study Materials
purchased penalty charges bank,Other
JEANS DENIM PURCHASE,Shopping
fine traffic penalty,Other
bought dental checkup visit,Health
paid for paneer tikka starter,Food
expense for aadhar card update,Other
expense for hospital visit charges,Health
payment for dermatologist visit,Health
CRICKET BAT PURCHASE,Shopping
bought insurance premium health,Bills
spent on pasta at cafe,Food
Uber pool ride,Transport
paid for penalty charges bank,Other
paid for linkedin learning monthly,Study Materials
payment for screen protector laptop,Study Materials
pizza from dominos,Food
cycling shorts,Shopping
purchased society maintenance,Bills
towel bath new,Shopping
Gym membership annual,Health
expense for property tax payment,Bills
bought camping gear rental,Entertainment
FERRY BOAT TICKET,Transport
lost item replacement,Other
spent on disney plus monthly,Entertainment
medicine pharmacy,Health
Art gallery visit,Entertainment
ice cream sundae,Food
bought health insurance premium,Health
weekly pizza from dominos,Food
payment for wrap at college cafeteria,Food
spent on plant fertilizer buy,Other
purchased spine specialist visit,Health
CLEANER DOMESTIC HELP,Bills
spent on zoom pro subscription,Study Materials
Inhaler asthma refill,Health
bought sports shoes running,Shopping
charged for drawing sheet A3,Study Materials
purchased myntra clothes order,Shopping
ESCAPE ROOM GAME,Entertainment
paid for antiseptic dettol buy,Health
FITNESS BAND PURCHASE,Shopping
salad from fresh menu,Food
UPS MAINTENANCE CHARGE,Bills
DONATION CHARITY FUND,Other
concert ticket booking,Entertainment
DRIVING LICENSE RENEWAL,Other
App subscription fee,Bills
disney monthly,Entertainment
PAINTBALL GAME SESSION,Entertainment
security deposit advance,Bills
monthly toll plaza charges,Transport
highway payment,Transport
spent on visa application fee,Other
slippers flip flops,Shopping
Linkedin learning monthly,Study Materials
charged for perfume purchase,Shopping
weekly interstate bus ticket,Transport
wallet leather buy,Shopping
bus pass monthly,Transport
monthly butter chicken dinner,Food
Jeans denim purchase,Shopping
repair service,Other
smoothie blast,Food
protein powder,Health
sanitizer hand wash,Health
monthly water bill monthly,Bills
CHOLE BHATURE,Food
Security deposit advance,Bills
fruit bowl from vendor,Food
charged for passport photo booth,Other
Hackerrank premium,Study Materials
monthly app subscription fee,Bills
payment for biology specimen slides,Study Materials
bought hostel maintenance fee,Bills
Pluralsight annual plan,Study Materials
USB DRIVE FLASH,Study Materials
CAB SURGE PRICING NIGHT,Transport
uber go home,Transport
charged for hard disk external,Study Materials
Lock repair service,Other
expense for uber eats delivery charge,Transport
Volvo bus booking,Transport
spent on ortho consultation knee,Health
payment for spine specialist visit,Health
MAGGI FROM STORE,Food
expense for mobile game in app,Entertainment
bought parking charges mall,Transport
Samosa and chai,Food
Pubg uc purchase,Entertainment
purchased hair oil purchase,Shopping
Atm withdrawal fee,Other
butter chicken dinner,Food
glue fevicol,Study Materials
weekly toll pass fastag,Bills
DIWALI CRACKERS,Entertainment
karaoke night,Entertainment
bought textbook purchase,Study Materials
deodorant spray,Shopping
poha jalebi,Food
Parking lot fee,Transport
paid for shawarma roll street,Food
Curtains window,Shopping
pollution certificate,Transport
charged for halloween costume buy,Entertainment
spent on voot select monthly,Entertainment
bus ticket,Transport
bought meditation app subscription,Health
LAUNDRY SERVICE MONTHLY,Bills
football match viewing,Entertainment
Train ticket booking,Transport
car ride,Transport
electrician service home,Bills
charged for cook salary monthly,Bills
payment for tailor alteration charges,Other
maintenance fee,Bills
Wrap at college cafeteria,Food
income tax filing,Bills
weekly dal makhani dinner,Food
HOOKAH CAFE SESSION,Entertainment
rice takeaway,Food
club membership fee,Bills
GLUCOMETER STRIPS BUY,Health
monthly dal makhani dinner,Food
paid for amazon great sale,Shopping
bought stapler and pins,Study Materials
battery replacement,Transport
Surgery hospital bill,Health
FRENCH FRIES MCDONALDS,Food
money transfer charges,Other
purchased funicular railway fare,Transport
sticky notes pack,Study Materials
Stationery supplies,Study Materials
Landline phone bill,Bills
upma for morning,Food
purchased turnitin access,Study Materials
SKIN CARE TREATMENT,Health
purchased toto ride campus,Transport
payment for valentines day dinner,Entertainment
Sushi order online,Food
DISCORD NITRO MONTHLY,Entertainment
EGG ROLL FROM STALL,Food
purchased sushi order online,Food
spectacles new frame,Health
upma for,Food
Home decor painting,Other
Sketch pens color,Study Materials
swimming goggles,Shopping
Holi colors purchase,Entertainment
weekly milkshake keventers,Food
VITAMIN TABLETS,Health
PROPERTY TAX PAYMENT,Bills
bought chaat at stall,Food
poster printing large,Study Materials
spent on chole bhature,Food
sleep aid melatonin,Health
paid for fruit bowl from vendor,Food
airport shuttle fare,Transport
emi payment,Bills
charged for sports shoes running,Shopping
spent on chicken tikka order,Food
paid for biryani order,Food
weekly sticky notes pack,Study Materials
vaccination shot flu,Health
spent on thyroid test charges,Health
monthly cycle repair shop,Transport
bought toll pass fastag,Bills
fried rice takeaway,Food
Phone case cover,Shopping
paid for vehicle insurance renewal,Bills
and snacks,Food
expense for pluralsight annual plan,Study Materials
bought shared auto morning,Transport
paid for flipkart big billion,Shopping
spent on paintball game session,Entertainment
spent on yacht rental,Transport
CABLE TV BILL,Bills
file folder organizer,Study Materials
spent on table lamp study,Shopping
for presentation,Study Materials
pathology lab tests,Health
charged for vehicle insurance payment,Transport
purchased muffin chocolate,Food
spent on board game purchase,Entertainment
bought salad from fresh menu,Food
monthly crunchyroll anime,Entertainment
monthly cab to airport,Transport
Party expenses club,Entertainment
Biology specimen slides,Study Materials
bought breadboard electronics,Study Materials
expense for chole bhature,Food
LAPTOP ACCESSORIES BUY,Shopping
charity donation,Other
Track pants joggers,Shopping
bought whiteboard markers,Study Materials
decorative items room,Shopping
paid for flipkart purchase,Shopping
birthday party decoration,Entertainment
cloud google,Bills
payment for wall sticker buy,Other
cake for,Food
charged for amazon order electronics,Shopping
Oximeter pulse device,Health
HIGHLIGHTER MARKERS,Study Materials
purchased leetcode premium subscription,Study Materials
French fries mcdonalds,Food
AIRPORT SHUTTLE FARE,Transport
bought gift for friend birthday,Other
Towel bath new,Shopping
mobile recharge prepaid,Bills
toner refill laser,Study Materials
fairy lights string,Shopping
Calcium supplement tabs,Health
pubg uc,Entertainment
egg from stall,Food
Umbrella purchase,Shopping
Apollo pharmacy purchase,Health
GYM MEMBERSHIP ANNUAL,Health
uber ride to college,Transport
Mouse wireless buy,Study Materials
payment for netflix subscription monthly,Entertainment
Theatre play tickets,Entertainment
spent on paper ream A4,Study Materials
PAN CARD APPLICATION,Other
go racing,Entertainment
LUNCH AT CANTEEN,Food
disney plus monthly,Entertainment
Egg roll from stall,Food
CREDIT CARD BILL,Bills
COCONUT WATER FROM STALL,Food
passport application fee,Other
glucometer strips buy,Health
PHOTO BOOTH RENTAL,Entertainment
metro card recharge,Transport
volvo bus booking,Transport
purchased cricket bat purchase,Shopping
pancake breakfast,Food
weekly saree for function,Shopping
board game purchase,Entertainment
BIOLOGY SPECIMEN SLIDES,Study Materials
Auto rickshaw fare,Transport
Yacht rental,Transport
pan card application,Other
monthly sandals casual wear,Shopping
charged for mess monthly fee,Food
bought combo meal kfc,Food
MUFFIN CHOCOLATE,Food
Municipal tax payment,Bills
purchased brownie from cafe,Food
Thyroid test charges,Health
expense for laptop charger replacement,Study Materials
weekly income tax filing,Bills
vada snack,Food
paid for gas cylinder refill,Bills
liver function,Health
monthly metro token purchase,Transport
photo booth rental,Entertainment
purchased idli vada breakfast,Food
atm withdrawal fee,Other
INSURANCE PREMIUM HEALTH,Bills
Combo meal kfc,Food
credit card bill,Bills
Liver function test,Health
HALLOWEEN COSTUME BUY,Entertainment
Mri scan cost,Health
expense for rapido auto booking,Transport
dal makhani dinner,Food
weekly water purifier service,Bills
printing report,Study Materials
Garlic bread dominos,Food
weekly momos street food,Food
Chart paper project,Study Materials
weekly chart paper project,Study Materials
dermatologist visit,Health
bought ink cartridge printer,Study Materials
expense for gst payment business,Bills
spent on train ticket booking,Transport
tickets stadium,Entertainment
scan cost,Health
bought spotify premium plan,Entertainment
Idli vada breakfast,Food
monthly donation charity fund,Other
antiseptic dettol,Health
garden tools,Other
weekly coding bootcamp fee,Study Materials
payment for glucometer strips buy,Health
WEEKEND GETAWAY HOTEL,Entertainment
Rickshaw to hostel,Transport
LAB MANUAL PURCHASE,Study Materials
purchased graph paper sheets,Study Materials
spent on thermometer digital,Health
wings order,Food
monthly random impulse buy,Other
payment for thali at dhaba,Food
Kidney function test,Health
paid for mubi film streaming,Entertainment
payment for dal rice meal,Food
fire insurance annual,Bills
purchased parking slot monthly,Bills
notion premium,Study Materials
METRO TOKEN PURCHASE,Transport
PROTEIN POWDER SUPPLEMENT,Health
protein bar snack,Food
valentines day,Entertainment
weekly electricity bill payment,Bills
monthly water bottle flask,Shopping
Badminton racket set,Shopping
holi colors purchase,Entertainment
sketch pens,Study Materials
bought physics experiment kit,Study Materials
MUBI FILM STREAMING,Entertainment
indriver fare,Transport
charged for internet wifi bill,Bills
coffee at starbucks,Food
TRAIN RESERVATION,Transport
bought broadband bill monthly,Bills
Omega 3 fish oil,Health
washing machine service,Bills
Roti sabzi lunch,Food
Ac service maintenance,Bills
payment for disney plus monthly,Entertainment
wall clock,Shopping
Trouser formal wear,Shopping
VOOT SELECT MONTHLY,Entertainment
charged for photocopy miscellaneous,Other
expense for coconut water from stall,Food
VADA PAV SNACK,Food
packet from store,Food
payment for ola outstation trip,Transport
SHAMPOO CONDITIONER,Shopping
refill laser,Study Materials
JACKET WINTER BUY,Shopping
cycle repair,Transport
airport fare,Transport
battery replacement vehicle,Transport
Passport photo booth,Other
SWIMMING GOGGLES CAP,Shopping
paid for ipl tickets stadium,Entertainment
charged for pubg uc purchase,Entertainment
atm fee,Other
gurdwara donation,Other
MOBILE RECHARGE PREPAID,Bills
muffin chocolate,Food
monthly birthday party decoration,Entertainment
bought ott platform bill,Bills
expense for cholesterol test lipid,Health
shirt new,Shopping
Flipkart big billion,Shopping
CHEMISTRY LAB SUPPLIES,Study Materials
Petrol for bike,Transport
zomato order,Food
MOVIE TICKET PVR,Entertainment
monthly amazon prime annual,Entertainment
traffic penalty,Other
paid for vaccination shot flu,Health
cab airport,Transport
Cricket match tickets,Entertainment
charged for gift wrapping supplies,Entertainment
paid for laptop charger replacement,Study Materials
charged for spring roll chinese,Food
charged for income tax filing,Bills
holi purchase,Entertainment
table lamp study,Shopping
uber ride,Transport
Dal rice meal,Food
purchased jio fiber monthly,Bills
notion premium plan,Study Materials
purchased mineral water bottle,Food
Chicken wings order,Food
expense for hookah cafe session,Entertainment
bought antivirus license,Bills
WATER BILL MONTHLY,Bills
FRUIT BOWL FROM VENDOR,Food
metro smart card recharge,Transport
payment for cake for birthday,Food
theatre play tickets,Entertainment
weekly egg roll from stall,Food
monthly pasta at cafe,Food
spent on theatre play tickets,Entertainment
monthly vpn subscription annual,Bills
expense for ct scan hospital,Health
weekly aadhar card update,Other
card recharge,Transport
purchased flight ticket,Transport
yoga mat purchase,Shopping
burger at mcdonalds,Food
soup at restaurant,Food
purchased tatkal train ticket,Transport
monthly music subscription bill,Bills
paid for garlic bread dominos,Food
Notebook and pens,Study Materials
OXIMETER PULSE DEVICE,Health
paid for pav bhaji street food,Food
health premium,Health
payment for domain hosting renewal,Bills
OLA CAB BOOKING,Transport
monthly security deposit advance,Bills
solar panel emi,Bills
charged for resistance band set,Shopping
spent on gym membership annual,Health
charged for phone bill postpaid,Bills
payment for paintball game session,Entertainment
spent on eye checkup ophthalmologist,Health
racket set,Shopping
CRUNCHYROLL ANIME,Entertainment
Tracing paper roll,Study Materials
passport booth,Other
expense for hot water bag buy,Health
monthly manchurian from stall,Food
expense for paneer tikka starter,Food
bought xbox game pass,Entertainment
YULU CYCLE RIDE,Transport
whiteboard markers,Study Materials
Fried rice takeaway,Food
scooter sharing bounce,Transport
charged for protein bar snack,Food
bought x ray scan charges,Health
paid for table lamp study,Shopping
AFFIDAVIT LEGAL FEE,Other
mobile prepaid,Bills
XEROX COPIES NOTES,Study Materials
shampoo conditioner,Shopping
TOTO RIDE CAMPUS,Transport
cruise ship ticket,Transport
weekly pav bhaji street food,Food
bought face wash nivea,Shopping
Spotify premium plan,Entertainment
charged for coursera subscription,Study Materials
charged for broadband bill monthly,Bills
ct hospital,Health
LENS CLEANING SOLUTION,Health
uber eats delivery,Transport
gym gloves,Shopping
DECORATIVE ITEMS ROOM,Shopping
nike shoes purchase,Shopping
Twitch subscription streamer,Entertainment
paid for dermatologist visit,Health
charged for project materials hardware,Study Materials
expense for deodorant axe spray,Shopping
UBER GO RIDE HOME,Transport
expense for falafel wrap,Food
Formal shirt office,Shopping
Airtel broadband bill,Bills
FACE WASH NIVEA,Shopping
pg room rent,Bills
paid for formal shirt office,Shopping
Plumber service call,Bills
cook salary,Bills
news subscription digital,Bills
Cough syrup purchase,Health
KARAOKE MACHINE RENTAL,Entertainment
Go karting racing,Entertainment
purchased camping gear rental,Entertainment
mediclaim renewal,Health
purchased cloud storage google,Bills
Butter chicken dinner,Food
bought server hosting monthly,Bills
Metro card recharge,Transport
charged for mask n95 purchase,Health
TOLL PASS FASTAG,Bills
monthly dog grooming service,Other
museum entry,Entertainment
charged for sensors kit robotics,Study Materials
Stapler and pins,Study Materials
penalty charges bank,Other
thyroid test charges,Health
expense for badminton racket set,Shopping
charged for bowling alley outing,Entertainment
payment for compass geometry set,Study Materials
Music subscription bill,Bills
cold flu medicine,Health
spent on dth recharge tata,Bills
monthly hard disk external,Study Materials
at restaurant,Food
charged for skin care treatment,Health
Pain killer paracetamol,Health
Hostel maintenance fee,Bills
MATLAB LICENSE,Study Materials
monthly solar panel emi,Bills
bought ortho consultation knee,Health
Bakery pastry,Food
court paper,Other
payment for headache tablet saridon,Health
DOMAIN HOSTING RENEWAL,Bills
FITNESS EQUIPMENT BUY,Health
purchased coursera subscription,Study Materials
paid for pizza from dominos,Food
paid for thyroid test charges,Health
charged for mediclaim policy renewal,Health
expense for jacket winter buy,Shopping
bought postal stamp letter,Other
Mineral water bottle,Food
expense for spotify family plan,Entertainment
Youtube premium plan,Entertainment
MRI SCAN COST,Health
Hair fall treatment,Health
RAIN COAT BUY,Shopping
Interstate bus ticket,Transport
gym membership annual,Health
Income tax filing,Bills
BROADBAND BILL MONTHLY,Bills
expense for cleaner domestic help,Bills
spent on physiotherapy session,Health
bought uber pool ride,Transport
expense for pollution check certificate,Transport
weekly home decor painting,Other
PETROL FOR BIKE,Transport
charged for egg roll from stall,Food
Cloud storage google,Bills
SPRING ROLL CHINESE,Food
spent on diwali crackers,Entertainment
hospital visit charges,Health
insurance health,Bills
expense for fire insurance annual,Bills
expense for helicopter tour booking,Transport
KURTA ETHNIC WEAR,Shopping
sushi order online,Food
amazon annual,Entertainment
weekly meditation app subscription,Health
bought urine test sample,Health
expense for egg roll from stall,Food
jacket winter buy,Shopping
inhaler asthma refill,Health
valorant skin buy,Entertainment
hand wash,Health
PROTEIN BAR SNACK,Food
spent on spotify premium plan,Entertainment
token purchase,Transport
purchased plant pot indoor,Shopping
bar tab,Entertainment
monthly cleaner domestic help,Bills
expense for file folder organizer,Study Materials
making supplies,Study Materials
MOBILE GAME IN APP,Entertainment
shuttle bus college,Transport
ICE CREAM SUNDAE,Food
bought holi colors purchase,Entertainment
Toto ride campus,Transport
bought hair oil purchase,Shopping
purchased kebab from restaurant,Food
fish aquarium supplies,Other
anniversary celebration,Entertainment
mask n95 purchase,Health
purchased ups maintenance charge,Bills
paid for binding spiral book,Study Materials
bought prescription medicines refill,Health
bought milkshake keventers,Food
diesel for car,Transport
paid for liver function test,Health
Charger cable usb,Shopping
toll pass,Bills
Multivitamin daily,Health
payment for library fine payment,Study Materials
TRAIN TICKET BOOKING,Transport
Club membership fee,Bills
bought painter wall service,Bills
weekly art gallery visit,Entertainment
weekly indriver cab fare,Transport
monthly cricket bat purchase,Shopping
bought bike fuel top up,Transport
Spotify family plan,Entertainment
expense for electrician service home,Bills
spent on sandwich from subway,Food
stationery supplies,Study Materials
payment for aws certification voucher,Study Materials
AMBULANCE CHARGES,Health
PLANT POT INDOOR,Shopping
spent on ent doctor ear nose,Health
Toll plaza charges,Transport
wall clock purchase,Shopping
INHALER ASTHMA REFILL,Health
disk external,Study Materials
LOCAL TRAIN PASS,Transport
expense for engine oil change,Transport
physiotherapy session,Health
payment for swimming goggles cap,Shopping
spent on cab to airport,Transport
Sanitizer hand wash,Health
Gift for friend birthday,Other
payment for birthday party decoration,Entertainment
flat sharing rent,Bills
spent on hair fall treatment,Health
Matlab license,Study Materials
OLA SHARE CAB,Transport
weekly bluetooth earbuds,Shopping
sleeper bus journey,Transport
Juice from fresh bar,Food
spent on coffee at starbucks,Food
birthday decoration,Entertainment
CHARITY BOX DONATION,Other
credit bill,Bills
MEDITATION APP SUBSCRIPTION,Health
formal shirt office,Shopping
BOWLING ALLEY OUTING,Entertainment
Playstation game buy,Entertainment
paid for pest control service,Bills
FILE FOLDER ORGANIZER,Study Materials
Sensors kit robotics,Study Materials
purchased escape room game,Entertainment
paid for stationery supplies,Study Materials
uber pool ride,Transport
purchased face wash nivea,Shopping
monthly vitamin tablets,Health
FIRE INSURANCE ANNUAL,Bills
Ola outstation trip,Transport
DUMBBELL HOME GYM,Shopping
mask n95,Health
MAGAZINE SUBSCRIPTION,Bills
recharge tata,Bills
hair treatment,Health
expense for toothpaste sensodyne,Shopping
ent doctor ear,Health
charged for umbrella purchase,Shopping
application fee,Other
purchased french fries mcdonalds,Food
gst payment business,Bills
hair oil purchase,Shopping
spent on sunscreen spf purchase,Health
ott platform bill,Bills
paid for hotstar subscription,Entertainment
monthly physiotherapy session,Health
car wash service,Transport
MASK N95 PURCHASE,Health
dog grooming,Other
bought oximeter pulse device,Health
e rickshaw ride,Transport
binding spiral,Study Materials
SKIPPING ROPE FITNESS,Shopping
surprise arrangement,Entertainment
expense for cloud storage google,Bills
bedsheet cover,Shopping
face wash,Shopping
weekly party expenses club,Entertainment
payment for yoga class monthly,Health
eye checkup ophthalmologist,Health
bought cook salary monthly,Bills
Nebulizer mask buy,Health
THALI AT DHABA,Food
Reference book purchase,Study Materials
expense for water park entry,Entertainment
apartment monthly,Bills
purchased upma for morning,Food
mess monthly fee,Food
PROJECT MATERIALS HARDWARE,Study Materials
paid for dumbbell home gym,Shopping
GARDEN TOOLS PURCHASE,Other
CHEGG STUDY SUBSCRIPTION,Study Materials
purchased charity box donation,Other
payment for chiropractor appointment,Health
Fairy lights string,Shopping
autocad student,Study Materials
payment for auto meter fare,Transport
ADOBE CREATIVE CLOUD,Study Materials
mri scan cost,Health
payment for driving school fees,Transport
bus booking,Transport
shaving kit,Shopping
paid for roti sabzi lunch,Food
COMEDY SHOW TICKETS,Entertainment
paid for ola share cab,Transport
screen protector,Study Materials
doctor visit,Other
paid for bus fare city transport,Transport
purchased tea and snacks,Food
paid for salad from fresh menu,Food
icloud storage apple,Bills
spent on sleep aid melatonin,Health
bought interstate bus ticket,Transport
KEBAB FROM RESTAURANT,Food
payment for psychologist therapy,Health
gst payment,Bills
spent on naan with gravy,Food
payment for diesel for car,Transport
purchased amazon prime annual,Entertainment
bought valorant skin buy,Entertainment
phone bill postpaid,Bills
monthly gift for friend birthday,Other
expense for dth recharge tata,Bills
trouser formal wear,Shopping
Scientific calculator,Study Materials
library fine payment,Study Materials
expense for bakery pastry,Food
purchased car wash service,Transport
TWITCH SUBSCRIPTION STREAMER,Entertainment
Mask n95 purchase,Health
CHOLESTEROL TEST LIPID,Health
Energy drink redbull,Food
payment for fried rice takeaway,Food
weekly emi payment loan,Bills
monthly pet food purchase,Other
cholesterol lipid,Health
payment for paneer butter masala dinner,Food
diwali crackers,Entertainment
expense for flight ticket,Transport
purchased poha jalebi breakfast,Food
BUS PASS MONTHLY,Transport
payment for kulcha chole,Food
payment for jeans denim purchase,Shopping
multivitamin daily,Health
paid for pencil eraser set,Study Materials
lunch at canteen,Food
at dhaba,Food
Fitness band purchase,Shopping
purchased nike shoes purchase,Shopping
Hot water bag buy,Health
Emi payment loan,Bills
Diabetes checkup annual,Health
charged for compass geometry set,Study Materials
kebab restaurant,Food
spent on random impulse buy,Other
bought trouser formal wear,Shopping
payment for multivitamin daily,Health
spent on sanitizer hand wash,Health
payment for cloud storage google,Bills
toto ride campus,Transport
comedy show tickets,Entertainment
PENCIL ERASER SET,Study Materials
VALORANT SKIN BUY,Entertainment
train reservation,Transport
twitch subscription streamer,Entertainment
biscuits g,Food
monthly noodles from chinese stall,Food
charged for billiards pool game,Entertainment
weekly news subscription digital,Bills
Laptop charger replacement,Study Materials
carpenter furniture repair,Bills
bought chocolate dairy milk,Food
purchased domain hosting renewal,Bills
weekly badminton racket set,Shopping
purchased pizza from dominos,Food
Headache tablet saridon,Health
charged for dinner at restaurant,Food
Random impulse buy,Other
paid for foreign currency exchange,Other
CHART PAPER PROJECT,Study Materials
weekly new year party tickets,Entertainment
Tire puncture repair,Transport
plumber call,Bills
puncture repair,Transport
spring roll chinese,Food
SHUTTLE BUS COLLEGE,Transport
monthly medicine from pharmacy,Health
Fish fry dinner,Food
payment for biryani order,Food
MOMOS STREET FOOD,Food
BLUETOOTH EARBUDS,Shopping
spent on lab manual purchase,Study Materials
paid for trekking trip entry,Entertainment
Flight ticket,Transport
Risotto at restaurant,Food
paid for valorant skin buy,Entertainment
copies notes,Study Materials
expense for driver salary payment,Bills
bought rcb certificate,Other
Udemy course purchase,Study Materials
fry dinner,Food
amusement park,Entertainment
XBOX GAME PASS,Entertainment
Funicular railway fare,Transport
Diesel for car,Transport
tracing paper,Study Materials
ULTRASOUND CHECKUP FEE,Health
paid for grammarly premium,Study Materials
Dth recharge tata,Bills
doctor consultation fee,Health
Fish aquarium supplies,Other
LATE FEE LIBRARY,Other
CLOUD STORAGE GOOGLE,Bills
weekly doctor consultation fee,Health
DOG GROOMING SERVICE,Other
Keyboard replacement,Study Materials
weekly chemistry lab supplies,Study Materials
payment for adobe creative cloud,Study Materials
weekly scooter petrol fill,Transport
monthly rcb certificate,Other
expense for lounge entry fee,Entertainment
spent on textbook purchase,Study Materials
Crunchyroll anime,Entertainment
Water purifier service,Bills
payment for fine traffic penalty,Other
gift wrapping supplies,Entertainment
weekly balloon decoration,Entertainment
PASSPORT PHOTO BOOTH,Other
payment for roti sabzi lunch,Food
payment for parking charges mall,Transport
Paintball game session,Entertainment
purchased bike rental hourly,Transport
donation fund,Other
bought shuttle bus college,Transport
glue stick fevicol,Study Materials
project materials hardware,Study Materials
dth recharge tata,Bills
bought youtube premium plan,Entertainment
watch purchase online,Shopping
expense for airport shuttle fare,Transport
expense for ortho consultation knee,Health
sketch pens color,Study Materials
monthly pluralsight annual plan,Study Materials
Extension board electrical,Shopping
meru cab,Transport
weekly movie ticket inox,Entertainment
Nike shoes purchase,Shopping
FAIRY LIGHTS STRING,Shopping
bought chicken wings order,Food
spent on aadhar card update,Other
RAPIDO BIKE TAXI,Transport
expense for rapido bike taxi,Transport
MOISTURIZER CREAM,Shopping
SUBSCRIPTION RENEWAL ANNUAL,Bills
bought sandals casual wear,Shopping
adobe creative cloud,Study Materials
SPORTS BAR TAB,Entertainment
CHIPS PACKET FROM STORE,Food
monthly refrigerator repair bill,Bills
expense for phone case cover,Shopping
purchased concert ticket booking,Entertainment
Bsnl landline bill,Bills
weekly plant fertilizer buy,Other
municipal tax,Bills
Coding bootcamp fee,Study Materials
expense for highway toll payment,Transport
mosquito repellent buy,Health
hot water bag,Health
Wall sticker buy,Other
payment for ct scan hospital,Health
postal stamp,Other
monthly atm withdrawal fee,Other
painter service,Bills
Visa application fee,Other
Escape room game,Entertainment
purchased wrap at college cafeteria,Food
expense for headache tablet saridon,Health
charged for credit card bill,Bills
spent on key duplicate making,Other
Pan card application,Other
ola outstation,Transport
certification exam,Study Materials
monthly fish fry dinner,Food
payment for perfume purchase,Shopping
Physics experiment kit,Study Materials
spent on backpack bag new,Shopping
Property tax payment,Bills
cricket bat purchase,Shopping
charged for prescription medicines refill,Health
solar emi,Bills
ROTI SABZI LUNCH,Food
dairy milk,Food
Covid test rtpcr,Health
payment for toll plaza charges,Transport
domestic help,Bills
spent on domain hosting renewal,Bills
halloween costume,Entertainment
charged for chips packet from store,Food
charged for shoe repair cobbler,Other
Bus fare city transport,Transport
apple subscription,Entertainment
resistance band set,Shopping
purchased uber ride to college,Transport
wall sticker buy,Other
DENTAL CHECKUP VISIT,Health
spent on ola cab booking,Transport
cold flu,Health
dal rice meal,Food
GAS CYLINDER REFILL,Bills
purchased fried rice takeaway,Food
HIGHWAY TOLL PAYMENT,Transport
monthly naan with gravy,Food
paid for chocolate dairy milk,Food
purchased textbook purchase,Study Materials
purchased bsnl landline bill,Bills
purchased research paper access,Study Materials
Pasta at cafe,Food
Pest control service,Bills
spent on parking lot fee,Transport
netflix subscription monthly,Entertainment
lock repair service,Other
bought glue stick fevicol,Study Materials
donut dunkin,Food
purchased gardener charges monthly,Bills
weekly autocad student license,Study Materials
vehicle renewal,Bills
weekly credit card bill,Bills
ultrasound checkup,Health
Prescription medicines refill,Health
bought bike loan emi,Bills
toto ride,Transport
Swiggy delivery,Food
paid for sketch pens color,Study Materials
Laser tag game,Entertainment
expense for skillshare subscription,Study Materials
bought flat sharing rent,Bills
GARLIC BREAD DOMINOS,Food
monthly evernote subscription,Study Materials
gift wrapping,Entertainment
purchased halloween costume buy,Entertainment
NOTARY STAMP CHARGE,Other
Umbrella repair shop,Other
Inverter battery replace,Bills
monthly ola prime sedan,Transport
driving license renewal,Other
charged for udemy course purchase,Study Materials
LASSI FROM LASSI SHOP,Food
BINDING SPIRAL BOOK,Study Materials
sunglasses rayban,Shopping
research paper,Study Materials
bought ola outstation trip,Transport
photo frame buy,Shopping
escape room game,Entertainment
RISOTTO AT RESTAURANT,Food
spotify plan,Entertainment
Kulcha chole,Food
gift friend birthday,Other
charged for laptop accessories buy,Shopping
sticky pack,Study Materials
SUNGLASSES RAYBAN,Shopping
paid for samosa and chai,Food
weekly photo booth rental,Entertainment
spent on ambulance charges,Health
LAUNDRY DRY CLEANING,Other
coding bootcamp fee,Study Materials
Amazon great sale,Shopping
bank buy,Shopping
payment for court stamp paper,Other
expense for backpack bag new,Shopping
NIKE SHOES PURCHASE,Shopping
weekly chaat at stall,Food
monthly inhaler asthma refill,Health
payment for amazon order electronics,Shopping
Smart watch fitness,Shopping
bought sensors kit robotics,Study Materials
Adobe creative cloud,Study Materials
AUTOCAD STUDENT LICENSE,Study Materials
myntra clothes order,Shopping
Parking slot monthly,Bills
PHOTO FRAME BUY,Shopping
expense for punching machine buy,Study Materials
PHYSICS EXPERIMENT KIT,Study Materials
Plant pot indoor,Shopping
AMUSEMENT PARK TICKETS,Entertainment
TEMPLE OFFERING,Other
beach outing food,Entertainment
monthly adobe creative cloud,Study Materials
paid for glucometer strips buy,Health
bought scientific calculator,Study Materials
spent on fish fry dinner,Food
Screen protector laptop,Study Materials
Hard disk external,Study Materials
expense for vitamin tablets,Health
bsnl landline bill,Bills
bought contact lens purchase,Health
sunscreen spf purchase,Health
DAL RICE MEAL,Food
WHITEBOARD MARKERS,Study Materials
FOREIGN CURRENCY EXCHANGE,Other
cycle ride,Transport
AMAZON ORDER ELECTRONICS,Shopping
expense for amazon great sale,Shopping
expense for battery replacement vehicle,Transport
expense for kidney function test,Health
charged for vehicle insurance renewal,Bills
spent on halloween costume buy,Entertainment
paid for metro card recharge,Transport
paid for metro token purchase,Transport
ipl tickets stadium,Entertainment
spent on reference book purchase,Study Materials
Ultrasound checkup fee,Health
Ortho consultation knee,Health
ticket purchase,Transport
delivery charges,Other
charged for metro smart card recharge,Transport
paid for fever medicine dolo,Health
spent on idli vada breakfast,Food
Bp monitor device,Health
toll pass fastag,Bills
Sleeper bus journey,Transport
Chaat at stall,Food
monthly kidney function test,Health
purchased courier delivery charges,Other
GARDENER CHARGES MONTHLY,Bills
checkup annual,Health
purchased microsoft office 365,Study Materials
inverter battery replace,Bills
PRESCRIPTION MEDICINES REFILL,Health
weekly weekend getaway hotel,Entertainment
paid for visa application fee,Other
book purchase,Study Materials
monthly chicken tikka order,Food
payment for security deposit advance,Bills
BAND AID FIRST AID,Health
smoothie berry blast,Food
paid for umbrella repair shop,Other
charged for physiotherapy session,Health
power bank buy,Shopping
GRAPH PAPER SHEETS,Study Materials
PLUMBER SERVICE CALL,Bills
charged for cable tv bill,Bills
Tatkal train ticket,Transport
cartridge printer,Study Materials
monthly sanitizer hand wash,Health
football buy,Shopping
case cover,Shopping
DOCTOR CONSULTATION FEE,Health
paid for driver salary payment,Bills
paid for anniversary celebration,Entertainment
ferry boat ticket,Transport
monthly parking charges mall,Transport
LOUNGE ENTRY FEE,Entertainment
Dumbbell home gym,Shopping
charged for leetcode premium subscription,Study Materials
hard disk external,Study Materials
monthly cough syrup purchase,Health
Arduino kit purchase,Study Materials
expense for football match viewing,Entertainment
movie ticket pvr,Entertainment
Jio fiber monthly,Bills
Sticky notes pack,Study Materials
ANTIVIRUS LICENSE,Bills
EVERNOTE SUBSCRIPTION,Study Materials
Birthday party decoration,Entertainment
charged for research paper access,Study Materials
Chole bhature,Food
FINE TRAFFIC PENALTY,Other
pi board,Study Materials
payment for track pants joggers,Shopping
Cholesterol test lipid,Health
payment for sandwich from subway,Food
PHONE BILL POSTPAID,Bills
paid for vada pav snack,Food
RASPBERRY PI BOARD,Study Materials
Pet food purchase,Other
NOTEBOOK AND PENS,Study Materials
repair bill,Bills
paid for tips waiter restaurant,Other
discord nitro monthly,Entertainment
DRIVER SALARY PAYMENT,Bills
autocad student license,Study Materials
Amazon order electronics,Shopping
paid for photo booth rental,Entertainment
TRACING PAPER ROLL,Study Materials
Hospital visit charges,Health
Metro token purchase,Transport
paid for indriver cab fare,Transport
Biryani order,Food
matlab license,Study Materials
paid for moisturizer cream,Shopping
Board game purchase,Entertainment
Pav bhaji street food,Food
KEYBOARD REPLACEMENT,Study Materials
hosting renewal,Bills
Movie ticket pvr,Entertainment
payment for pluralsight annual plan,Study Materials
fries mcdonalds,Food
grammarly premium,Study Materials
weekly e rickshaw ride,Transport
Fire insurance annual,Bills
road trip snacks,Entertainment
purchased laptop accessories buy,Shopping
bought turnitin access,Study Materials
spent on cold drink pepsi,Food
expenses club,Entertainment
payment for engine oil change,Transport
Disney plus monthly,Entertainment
falafel wrap,Food
payment for water park entry,Entertainment
booking party,Entertainment
APPLE MUSIC SUBSCRIPTION,Entertainment
charged for auto meter fare,Transport
expense for mosquito repellent buy,Health
electricity payment,Bills
paid for protein powder supplement,Health
expense for laser tag game,Entertainment
umbrella repair,Other
LAMINATION SHEETS,Study Materials
prescription medicines refill,Health
spent on internet wifi bill,Bills
PARKING SLOT MONTHLY,Bills
toothpaste sensodyne,Shopping
SPOTIFY FAMILY PLAN,Entertainment
screen protector laptop,Study Materials
rickshaw to,Transport
mineral bottle,Food
bird cage seed,Other
weekly go karting racing,Entertainment
REFERENCE BOOK PURCHASE,Study Materials
ct scan hospital,Health
paid for curtains window,Shopping
expense for ola prime sedan,Transport
Rain coat buy,Shopping
expense for bike fuel top up,Transport
payment for model making supplies,Study Materials
dal makhani,Food
paid for taxi from station,Transport
refrigerator repair bill,Bills
monthly disney plus monthly,Entertainment
ups maintenance,Bills
bought spotify family plan,Entertainment
payment for covid test rtpcr,Health
NOTION PREMIUM PLAN,Study Materials
pub night out,Entertainment
bought chips packet from store,Food
taxi from station,Transport
cricket match tickets,Entertainment
SMART WATCH FITNESS,Shopping
RAZOR SHAVING KIT,Shopping
spent on gurdwara langar donation,Other
Gym gloves buy,Shopping
expense for tea and snacks,Food
expense for flat sharing rent,Bills
pain killer paracetamol,Health
WATER PURIFIER SERVICE,Bills
expense for band aid first aid,Health
SLIPPERS FLIP FLOPS,Shopping
purchased deodorant axe spray,Shopping
Psychologist therapy,Health
subscription renewal,Bills
payment for karaoke night,Entertainment
payment for youtube premium plan,Entertainment
flight ticket,Transport
service center,Transport
skin care treatment,Health
payment for spring roll chinese,Food
bought tracing paper roll,Study Materials
lot fee,Transport
juice from fresh bar,Food
stand comedy,Entertainment
bought hotstar subscription,Entertainment
Carpenter furniture repair,Bills
payment for project materials hardware,Study Materials
rickshaw to hostel,Transport
yoga class monthly,Health
art gallery visit,Entertainment
train ticket booking,Transport
payment for gaming credits purchase,Entertainment
charged for late fee library,Other
TRACK PANTS JOGGERS,Shopping
charged for lab manual purchase,Study Materials
expense for pest control service,Bills
payment for ink cartridge printer,Study Materials
paid for crunchyroll anime,Entertainment
rcb certificate,Other
garden tools purchase,Other
medicines refill,Health
Dal makhani dinner,Food
METRO CARD RECHARGE,Transport
paid for usb drive flash,Study Materials
payment for auto to market,Transport
Steam game purchase,Entertainment
Highway toll payment,Transport
hot water bag buy,Health
WALLET LEATHER BUY,Shopping
kit set,Shopping
charged for comedy show tickets,Entertainment
purchased shampoo conditioner,Shopping
charged for train reservation,Transport
purchased bike fuel top up,Transport
Lounge entry fee,Entertainment
salwar suit,Shopping
visa fee,Other
FALAFEL WRAP,Food
spent on mobile game in app,Entertainment
weekly mediclaim policy renewal,Health
payment for escape room game,Entertainment
monthly credit card bill,Bills
Money transfer charges,Other
BEDSHEET PILLOW COVER,Shopping
monthly cable car ride,Transport
charged for matlab license,Study Materials
chegg study subscription,Study Materials
monthly diwali crackers,Entertainment
spent on petrol for bike,Transport
paid for insurance premium health,Bills
charged for coffee at starbucks,Food
funicular railway fare,Transport
monthly stand up comedy,Entertainment
spent on glue stick fevicol,Study Materials
charged for pollution check certificate,Transport
bought football buy,Shopping
LOCK REPAIR SERVICE,Other
bought plumber service call,Bills
BIRTHDAY PARTY DECORATION,Entertainment
paid for fitness equipment buy,Health
vpn annual,Bills
spent on road trip fuel snacks,Entertainment
expense for rcb certificate,Other
charged for party expenses club,Entertainment
road trip fuel snacks,Entertainment
Society maintenance,Bills
FOOTBALL MATCH VIEWING,Entertainment
monthly toothbrush colgate,Shopping
home decor,Other
server hosting monthly,Bills
chegg study,Study Materials
bought magazine subscription,Bills
purchased cholesterol test lipid,Health
bought wallet leather buy,Shopping
BUTTER CHICKEN DINNER,Food
UMBRELLA REPAIR SHOP,Other
payment for evernote subscription,Study Materials
test charges,Health
charged for photocopy assignment,Study Materials
Stand up comedy,Entertainment
paintball session,Entertainment
paid for water park entry,Entertainment
photo buy,Shopping
binding spiral book,Study Materials
Chips packet from store,Food
sports bar tab,Entertainment
PARKING LOT FEE,Transport
CONCERT TICKET BOOKING,Entertainment
sonyliv subscription,Entertainment
RAPIDO AUTO BOOKING,Transport
monthly football match viewing,Entertainment
bought acne medication cream,Health
expense for dental checkup visit,Health
HACKERRANK PREMIUM,Study Materials
water purifier service,Bills
purchased gaming credits purchase,Entertainment
weekly driving license renewal,Other
weekly x ray scan charges,Health
monthly soap body wash,Shopping
Airport shuttle fare,Transport
SPECTACLES NEW FRAME,Health
Ice cream sundae,Food
weekly airport shuttle fare,Transport
Fruit bowl from vendor,Food
gas cylinder refill,Bills
vehicle insurance,Transport
weekly pest control service,Bills
TOWEL BATH NEW,Shopping
weekly salwar suit purchase,Shopping
bought discord nitro monthly,Entertainment
hoodie sweatshirt,Shopping
payment for passport photo booth,Other
payment for taxi from station,Transport
charged for donut from dunkin,Food
VPN SUBSCRIPTION ANNUAL,Bills
laundry cleaning,Other
DISNEY PLUS MONTHLY,Entertainment
charges bank,Other
plant pot indoor,Shopping
charged for ola cab booking,Transport
mineral water bottle,Food
swimming goggles cap,Shopping
monthly bird cage seed,Other
purchased auto meter fare,Transport
ARDUINO KIT PURCHASE,Study Materials
weekly medicine from pharmacy,Health
great sale,Shopping
RAJMA CHAWAL LUNCH,Food
Skin care treatment,Health
fitness band purchase,Shopping
paid for tatkal train ticket,Transport
hackerrank premium,Study Materials
weekly microsoft office 365,Study Materials
bought extension board electrical,Shopping
SAREE FOR FUNCTION,Shopping
bought foreign currency exchange,Other
monthly lost item replacement,Other
maggi from,Food
expense for washing machine service,Bills
udemy course purchase,Study Materials
COURSERA SUBSCRIPTION,Study Materials
charged for toto ride campus,Transport
GIFT WRAPPING SUPPLIES,Entertainment
monthly apollo pharmacy purchase,Health
monthly wireless headphones,Shopping
perfume purchase,Shopping
expense for passport application fee,Other
SUSHI ORDER ONLINE,Food
bought cough syrup purchase,Health
Mobile game in app,Entertainment
paid for bus pass monthly,Transport
Newspaper delivery monthly,Bills
Meru cab airport,Transport
charged for society maintenance,Bills
monthly charger cable usb,Shopping
bought usb drive flash,Study Materials
tracing paper roll,Study Materials
Cable tv bill,Bills
Weekend getaway hotel,Entertainment
paid for sleeper bus journey,Transport
Cook salary monthly,Bills
Aadhar card update,Other
monthly hair fall treatment,Health
payment for poster printing large,Study Materials
manual purchase,Study Materials
Dj booking party,Entertainment
lunch at,Food
ola cab booking,Transport
spent on keyboard replacement,Study Materials
payment for nike shoes purchase,Shopping
Temple offering,Other
weekly power bank buy,Shopping
payment for plant pot indoor,Shopping
Pub night out,Entertainment
FISH AQUARIUM SUPPLIES,Other
monthly newspaper delivery monthly,Bills
cycle repair shop,Transport
deodorant axe spray,Shopping
playstation game buy,Entertainment
loan emi,Bills
Flipkart purchase,Shopping
Graph paper sheets,Study Materials
vitamin tablets,Health
weekly biscuits parle g,Food
HEALTH INSURANCE PREMIUM,Health
bought hot water bag buy,Health
kidney function test,Health
model making supplies,Study Materials
paintball game session,Entertainment
Xbox game pass,Entertainment
weekly app subscription fee,Bills
WALL CLOCK PURCHASE,Shopping
MINERAL WATER BOTTLE,Food
weekly highlighter markers,Study Materials
weekly valentines day dinner,Entertainment
engine oil change,Transport
Anniversary celebration,Entertainment
dumbbell home,Shopping
Dosa at south indian restaurant,Food
monthly picnic outing expenses,Entertainment
MICROSOFT OFFICE 365,Study Materials
ONLINE CERTIFICATION EXAM,Study Materials
band aid aid,Health
JOURNAL SUBSCRIPTION IEEE,Study Materials
GRAMMARLY PREMIUM,Study Materials
momos street food,Food
monthly society maintenance,Bills
movie ticket,Entertainment
TRIMMER PHILIPS BUY,Shopping
Rapido auto booking,Transport
compass geometry set,Study Materials
PARATHA WITH CURD,Food
NETFLIX SUBSCRIPTION MONTHLY,Entertainment
dental checkup,Health
voot monthly,Entertainment
SCOOTER SHARING BOUNCE,Transport
spent on cricket bat purchase,Shopping
paid for physics experiment kit,Study Materials
rajma lunch,Food
SMOOTHIE BERRY BLAST,Food
bought cake for birthday,Food
Breadboard electronics,Study Materials
paid for cycling shorts,Shopping
paid for track pants joggers,Shopping
manchurian from stall,Food
Ola cab booking,Transport
research paper access,Study Materials
purchased backpack bag new,Shopping
charged for weighing scale digital,Shopping
Research paper access,Study Materials
Gardener charges monthly,Bills
weekly calcium supplement tabs,Health
ac service maintenance,Bills
charged for steam game purchase,Entertainment
microsoft office 365,Study Materials
weekly pub night out,Entertainment
spent on surprise party arrangement,Entertainment
pasta at cafe,Food
payment for uber ride to college,Transport
LASER TAG GAME,Entertainment
monthly autocad student license,Study Materials
expense for cycle repair shop,Transport
New year party tickets,Entertainment
paid for hostel maintenance fee,Bills
Wallet leather buy,Shopping
play tickets,Entertainment
Refrigerator repair bill,Bills
bought gst payment business,Bills
purchased stapler and pins,Study Materials
dosa at indian restaurant,Food
bought pencil eraser set,Study Materials
Balloon decoration,Entertainment
risotto at restaurant,Food
weekly trimmer philips buy,Shopping
breadboard electronics,Study Materials
jio fiber monthly,Bills
purchased library fine payment,Study Materials
Sonyliv subscription,Entertainment
getaway hotel,Entertainment
salwar suit purchase,Shopping
taxi station,Transport
HAIR FALL TREATMENT,Health
BROWNIE FROM CAFE,Food
purchased rajma chawal lunch,Food
purchased swimming goggles cap,Shopping
purchased covid test rtpcr,Health
CHARGER CABLE USB,Shopping
weekly moisturizer cream,Shopping
security advance,Bills
expense for banner for presentation,Study Materials
expense for myntra clothes order,Shopping
paid for uber pool ride,Transport
weekly track pants joggers,Shopping
expense for surgery hospital bill,Health
weekly diabetes checkup annual,Health
Poster printing large,Study Materials
domain hosting renewal,Bills
valentines day dinner,Entertainment
protein powder supplement,Health
STAND UP COMEDY,Entertainment
spent on toto ride campus,Transport
Notary stamp charge,Other
chicken wings order,Food
BIKE FUEL TOP UP,Transport
folder organizer,Study Materials
Sunglasses rayban,Shopping
purchased risotto at restaurant,Food
spent on arduino kit purchase,Study Materials
WASHING MACHINE SERVICE,Bills
chicken dinner,Food
photo booth,Entertainment
water park entry,Entertainment
playstation game,Entertainment
LIVER FUNCTION TEST,Health
WEIGHING SCALE DIGITAL,Shopping
ott bill,Bills
mess fee,Food
cholesterol test lipid,Health
Scooter sharing bounce,Transport
cable tv bill,Bills
charged for pathology lab tests,Health
SANDALS CASUAL WEAR,Shopping
monthly trampoline park entry,Entertainment
kulcha chole,Food
payment for auto rickshaw fare,Transport
go karting racing,Entertainment
hosting monthly,Bills
zee5 annual plan,Entertainment
saree function,Shopping
expense for cricket match tickets,Entertainment
paid for project materials hardware,Study Materials
charged for e rickshaw ride,Transport
room rent,Bills
bar snack,Food
charged for pub night out,Entertainment
cloud storage google,Bills
monthly mosque offering,Other
paid for xerox copies notes,Study Materials
arduino kit purchase,Study Materials
plant buy,Other
Uber eats delivery charge,Transport
chaat at stall,Food
mubi film streaming,Entertainment
expense for slippers flip flops,Shopping
Helicopter tour booking,Transport
OLA PRIME SEDAN,Transport
purchased psychologist therapy,Health
payment for petrol for bike,Transport
Evernote subscription,Study Materials
spent on power bank buy,Shopping
SCOOTER PETROL FILL,Transport
purchased ink cartridge printer,Study Materials
Salad from fresh menu,Food
expense for spine specialist visit,Health
expense for lens cleaning solution,Health
spent on wireless headphones,Shopping
charged for notebook and pens,Study Materials
Amusement park tickets,Entertainment
flipkart billion,Shopping
gardener monthly,Bills
monthly voot select monthly,Entertainment
BACKPACK BAG NEW,Shopping
HOSPITAL VISIT CHARGES,Health
Toner refill laser,Study Materials
vaccination shot,Health
Cab to airport,Transport
expense for karaoke machine rental,Entertainment
purchased cake for birthday,Food
Road trip fuel snacks,Entertainment
weekly server hosting monthly,Bills
test rtpcr,Health
OMEGA 3 FISH OIL,Health
CAR WASH SERVICE,Transport
purchased dj booking party,Entertainment
mosquito buy,Health
oximeter pulse device,Health
paid for dinner at restaurant,Food
bp monitor device,Health
brownie cafe,Food
monthly funicular railway fare,Transport
expense for belt leather new,Shopping
Uber go ride home,Transport
Antiseptic dettol buy,Health
expense for autocad student license,Study Materials
spent on electrician service home,Bills
paid for dal makhani dinner,Food
Mosque offering,Other
charged for uber eats delivery charge,Transport
Textbook purchase,Study Materials
monthly fish aquarium supplies,Other
cable bill,Bills
paid for poha jalebi breakfast,Food
premium plan,Entertainment
TOLL PLAZA CHARGES,Transport
hostel maintenance fee,Bills
paid for saree for function,Shopping
bought rajma chawal lunch,Food
risotto at,Food
tire puncture repair,Transport
poha jalebi breakfast,Food
spent on fire insurance annual,Bills
Yoga mat purchase,Shopping
engine oil,Transport
purchased theatre play tickets,Entertainment
Hoodie sweatshirt,Shopping
football viewing,Entertainment
Shampoo conditioner,Shopping
PHONE CASE COVER,Shopping
spent on sunglasses rayban,Shopping
ola prime sedan,Transport
spent on lost item replacement,Other
Momos street food,Food
paid for vet doctor visit,Other
beach outing,Entertainment
weekly pain killer paracetamol,Health
library payment,Study Materials
Lunch at canteen,Food
CRUISE SHIP TICKET,Transport
expense for interstate bus ticket,Transport
charged for x ray scan charges,Health
BUS TICKET PURCHASE,Transport
Protein powder supplement,Health
Muffin chocolate,Food
BSNL LANDLINE BILL,Bills
SENSORS KIT ROBOTICS,Study Materials
spent on amazon prime annual,Entertainment
weekly carpenter furniture repair,Bills
HOLI COLORS PURCHASE,Entertainment
CYCLING SHORTS,Shopping
charged for karaoke machine rental,Entertainment
skipping rope fitness,Shopping
Smoothie berry blast,Food
Mobile recharge prepaid,Bills
Church donation,Other
wallet buy,Shopping
Gift wrapping supplies,Entertainment
charged for driving license renewal,Other
weekly cycling shorts,Shopping
paid for amazon order electronics,Shopping
monthly gaming credits purchase,Entertainment
toll plaza,Transport
monthly key duplicate making,Other
roti sabzi,Food
movie ticket inox,Entertainment
Usb drive flash,Study Materials
Ecg test charges,Health
SWIGGY DELIVERY,Food
spent on wallet leather buy,Shopping
Upma for morning,Food
raspberry pi board,Study Materials
Manchurian from stall,Food
donation charity fund,Other
chaat stall,Food
Sandals casual wear,Shopping
purchased ice cream sundae,Food
IDLI VADA BREAKFAST,Food
Dental checkup visit,Health
photocopy miscellaneous,Other
leetcode subscription,Study Materials
weekly contact lens purchase,Health
expense for ecg test charges,Health
antivirus license,Bills
expense for dosa at south indian restaurant,Food
Bluetooth earbuds,Shopping
expense for picnic outing expenses,Entertainment
spent on server hosting monthly,Bills
payment for umbrella repair shop,Other
pet food purchase,Other
expense for bike loan emi,Bills
ac service,Bills
auto booking,Transport
charged for jacket winter buy,Shopping
laptop charger replacement,Study Materials
expense for shampoo conditioner,Shopping
auto to,Transport
belt leather new,Shopping
WIRELESS HEADPHONES,Shopping
bike rental,Transport
spent on miscellaneous expense,Other
calcium supplement tabs,Health
Comedy show tickets,Entertainment
Cycling shorts,Shopping
bought dal rice meal,Food
auto meter fare,Transport
music subscription bill,Bills
Water park entry,Entertainment
CLUB MEMBERSHIP FEE,Bills
spent on ola outstation trip,Transport
weekly cold flu medicine,Health
trouser formal,Shopping
purchased toothbrush colgate,Shopping
spent on discord nitro monthly,Entertainment
driver salary payment,Bills
bought psychiatrist counseling,Health
jio cinema premium,Entertainment
monthly moisturizer cream,Shopping
Mosquito repellent buy,Health
Chemistry lab supplies,Study Materials
spent on chicken wings order,Food
paid for bakery pastry,Food
bought pollution check certificate,Transport
sheet A3,Study Materials
waffle with syrup,Food
weekly ola share cab,Transport
weekly toothbrush colgate,Shopping
education loan emi,Bills
Bike loan emi,Bills
auto rickshaw fare,Transport
broadband monthly,Bills
Ups maintenance charge,Bills
Plant fertilizer buy,Other
Shoe repair cobbler,Other
spent on water bill monthly,Bills
Belt leather new,Shopping
evernote subscription,Study Materials
plant indoor,Shopping
sports shoes running,Shopping
PANEER BUTTER MASALA DINNER,Food
paid for car wash service,Transport
hair oil,Shopping
petrol for bike,Transport
charged for doctor consultation fee,Health
PEST CONTROL SERVICE,Bills
purchased yulu cycle ride,Transport
ENERGY DRINK REDBULL,Food
bought twitch subscription streamer,Entertainment
slippers flip,Shopping
Sleep aid melatonin,Health
affidavit legal fee,Other
payment for smoothie berry blast,Food
Lassi from lassi shop,Food
CHURCH DONATION,Other
bought beach outing food,Entertainment
spent on sticky notes pack,Study Materials
spent on auto to market,Transport
rapido bike taxi,Transport
monthly bike loan emi,Bills
Trampoline park entry,Entertainment
supplement tabs,Health
urine test sample,Health
charged for manchurian from stall,Food
DRAWING SHEET A3,Study Materials
Hair oil purchase,Shopping
paid for pg room rent,Bills
monthly paneer butter masala dinner,Food
expense for uber ride to college,Transport
payment for balloon decoration,Entertainment
fever medicine dolo,Health
payment for money transfer charges,Other
Rental car charges,Transport
monthly pain killer paracetamol,Health
bought leetcode premium subscription,Study Materials
LEETCODE PREMIUM SUBSCRIPTION,Study Materials
crunchyroll anime,Entertainment
bought skipping rope fitness,Shopping
expense for fish aquarium supplies,Other
spent on solar panel emi,Bills
annual plan,Entertainment
AMAZON PRIME ANNUAL,Entertainment
charged for xbox game pass,Entertainment
Medical test blood,Health
payment for maggi from store,Food
membership annual,Health
Yoga class monthly,Health
Dinner at restaurant,Food
bought flipkart big billion,Shopping
trampoline park entry,Entertainment
payment for laundry service monthly,Bills
TABLE LAMP STUDY,Shopping
purchased party expenses club,Entertainment
expense for room rent monthly,Bills
expense for birthday party decoration,Entertainment
twitch streamer,Entertainment
home decor painting,Other
Spectacles new frame,Health
ROOM RENT MONTHLY,Bills
PRINTING PROJECT REPORT,Study Materials
charged for beach outing food,Entertainment
expense for lock repair service,Other
bike rental hourly,Transport
payment for usb drive flash,Study Materials
expense for brownie from cafe,Food
cook salary monthly,Bills
payment for bike rental hourly,Transport
weekly wall sticker buy,Other
carpenter repair,Bills
apple music subscription,Entertainment
Cold flu medicine,Health
philips buy,Shopping
sticker buy,Other
purchased football buy,Shopping
monthly belt leather new,Shopping
park entry,Entertainment
spotify family plan,Entertainment
POWER BANK BUY,Shopping
SPINE SPECIALIST VISIT,Health
tikka order,Food
paid for water bill monthly,Bills
maggi from store,Food
money charges,Other
GST PAYMENT BUSINESS,Bills
STAPLER AND PINS,Study Materials
weekly uber go ride home,Transport
purchased notary stamp charge,Other
washing machine,Bills
payment for spectacles new frame,Health
drink redbull,Food
udemy course,Study Materials
payment for toll pass fastag,Bills
bought cable tv bill,Bills
spent on medical test blood,Health
pollution check certificate,Transport
spent on antivirus license,Bills
shuttle college,Transport
ambulance charges,Health
lamination sheets,Study Materials
weekly rajma chawal lunch,Food
paneer butter dinner,Food
FLAT SHARING RENT,Bills
battery replace,Bills
weekly bird cage seed,Other
miscellaneous expense,Other
BIKE RENTAL HOURLY,Transport
bought charger cable usb,Shopping
MERU CAB AIRPORT,Transport
plumber service call,Bills
weekly fitness band purchase,Shopping
milkshake keventers,Food
weekly sports shoes running,Shopping
gas refill,Bills
ink cartridge printer,Study Materials
bought falafel wrap,Food
meru cab airport,Transport
ECG TEST CHARGES,Health
PASTA AT CAFE,Food
paid for highlighter markers,Study Materials
spent on carpenter furniture repair,Bills
microsoft 365,Study Materials
extension board,Shopping
local pass,Transport
Bowling alley outing,Entertainment
paid for scientific calculator,Study Materials
purchased lunch box container,Shopping
purchased gas cylinder refill,Bills
share cab,Transport
payment for mosque offering,Other
garlic bread dominos,Food
monthly home decor painting,Other
biology specimen slides,Study Materials
project hardware,Study Materials
Indriver cab fare,Transport
charged for lunch box container,Shopping
spent on cable car ride,Transport
Paneer tikka starter,Food
expense for t shirt new,Shopping
helicopter tour booking,Transport
NEWS SUBSCRIPTION DIGITAL,Bills
expense for driving license renewal,Other
meditation app subscription,Health
payment for eye checkup ophthalmologist,Health
rain buy,Shopping
life insurance,Bills
YOGA CLASS MONTHLY,Health
expense for cough syrup purchase,Health
Zoom pro subscription,Study Materials
sushi order,Food
purchased mubi film streaming,Entertainment
AUTO TO MARKET,Transport
Diwali crackers,Entertainment
PAPER REAM A4,Study Materials
spine specialist visit,Health
FOOTBALL BUY,Shopping
Pathology lab tests,Health
laundry dry cleaning,Other
Courier delivery charges,Other
covid test rtpcr,Health
paid for gift for friend birthday,Other
HOTSTAR SUBSCRIPTION,Entertainment
spring chinese,Food
DIESEL FOR CAR,Transport
stapler and pins,Study Materials
painter wall service,Bills
liver function test,Health
vet doctor visit,Other
payment for anniversary celebration,Entertainment
noodles from chinese stall,Food
swiggy delivery,Food
pulse device,Health
Spring roll chinese,Food
charged for picnic outing expenses,Entertainment
psychiatrist counseling,Health
laundry service monthly,Bills
monthly chegg study subscription,Study Materials
bought road trip fuel snacks,Entertainment
subscription monthly,Entertainment
monthly train ticket booking,Transport
delivery monthly,Bills
payment for passport application fee,Other
weekly sunscreen spf purchase,Health
spent on meditation app subscription,Health
soap body wash,Shopping
payment for local train pass,Transport
purchased chips packet from store,Food
momos street,Food
PASSPORT APPLICATION FEE,Other
nebulizer mask buy,Health
pluralsight annual plan,Study Materials
grooming kit set,Shopping
ream A4,Study Materials
charged for apartment rent monthly,Bills
SPORTS SHOES RUNNING,Shopping
Laptop accessories buy,Shopping
charged for sunglasses rayban,Shopping
T shirt new,Shopping
kurta ethnic wear,Shopping
monthly theatre play tickets,Entertainment
charged for wallet leather buy,Shopping
monthly tire puncture repair,Transport
tablet saridon,Health
chips packet from store,Food
Dog grooming service,Other
airtel bill,Bills
purchased affidavit legal fee,Other
paid for news subscription digital,Bills
monthly coding bootcamp fee,Study Materials
charged for dumbbell home gym,Shopping
purchased skin care treatment,Health
aadhar card,Other
bought visa application fee,Other
weekly beach outing food,Entertainment
monthly sensors kit robotics,Study Materials
syrup purchase,Health
chicken tikka order,Food
bought ola prime sedan,Transport
EDUCATION LOAN EMI,Bills
weekly grammarly premium,Study Materials
purchased trouser formal wear,Shopping
TONER REFILL LASER,Study Materials
mosque offering,Other
monthly burger at mcdonalds,Food
paid for printing project report,Study Materials
payment for courier delivery charges,Other
highlighter markers,Study Materials
bought zoom pro subscription,Study Materials
EMI PAYMENT LOAN,Bills
spent on hotstar subscription,Entertainment
payment for paper ream A4,Study Materials
purchased twitch subscription streamer,Entertainment
at mcdonalds,Food
mobile game in app,Entertainment
resistance band,Shopping
monthly wrap at college cafeteria,Food
physics experiment kit,Study Materials
Battery replacement vehicle,Transport
Vpn subscription annual,Bills
Fine traffic penalty,Other
night out,Entertainment
Discord nitro monthly,Entertainment
internet wifi bill,Bills
scooter petrol fill,Transport
Spine specialist visit,Health
charged for security deposit advance,Bills
pool game,Entertainment
monthly binding spiral book,Study Materials
JIO FIBER MONTHLY,Bills
charged for movie ticket pvr,Entertainment
ethnic wear,Shopping
ola share cab,Transport
bowl from vendor,Food
water flask,Shopping
payment for scooter sharing bounce,Transport
weekly online certification exam,Study Materials
AUTO METER FARE,Transport
lunch container,Shopping
sandwich from subway,Food
ZOMATO ORDER,Food
expense for smart watch fitness,Shopping
LIFE INSURANCE PREMIUM,Bills
MESS MONTHLY FEE,Food
bought ferry boat ticket,Transport
Antivirus license,Bills
PENALTY CHARGES BANK,Other
Apple music subscription,Entertainment
paid for newspaper delivery monthly,Bills
MUSEUM ENTRY FEE,Entertainment
bought surprise party arrangement,Entertainment
bought hoodie sweatshirt,Shopping
purchased chart paper project,Study Materials
pain paracetamol,Health
Mubi film streaming,Entertainment
Room rent monthly,Bills
extension board electrical,Shopping
weekly glue stick fevicol,Study Materials
Tea and snacks,Food
fee library,Other
PHYSIOTHERAPY SESSION,Health
Karaoke machine rental,Entertainment
HOODIE SWEATSHIRT,Shopping
payment for french fries mcdonalds,Food
rickshaw fare,Transport
UBER EATS DELIVERY CHARGE,Transport
bike loan emi,Bills
roti sabzi lunch,Food
sleeper journey,Transport
toothbrush colgate,Shopping
WALL STICKER BUY,Other
charged for cleaner domestic help,Bills
Gaming credits purchase,Entertainment
HEADACHE TABLET SARIDON,Health
Ink cartridge printer,Study Materials
hair fall treatment,Health
bought rain coat buy,Shopping
charged for museum entry fee,Entertainment
monthly mosquito repellent buy,Health
PET FOOD PURCHASE,Other
art gallery,Entertainment
museum entry fee,Entertainment
bus fare city transport,Transport
shoe cobbler,Other
payment for laundry dry cleaning,Other
pluralsight annual,Study Materials
sleep aid,Health
payment for wireless headphones,Shopping
weekly drawing sheet A3,Study Materials
Flat sharing rent,Bills
soap body,Shopping
paid for arduino kit purchase,Study Materials
bought icloud storage apple,Bills
BOARD GAME PURCHASE,Entertainment
INTERSTATE BUS TICKET,Transport
Pg room rent,Bills
PARTY EXPENSES CLUB,Entertainment
Water bottle flask,Shopping
HAIR OIL PURCHASE,Shopping
gardener charges monthly,Bills
Domain hosting renewal,Bills
charged for rain coat buy,Shopping
learning monthly,Study Materials
monthly coursera subscription,Study Materials
foreign currency exchange,Other
expense for hoodie sweatshirt,Shopping
monthly volvo bus booking,Transport
paid for waffle with syrup,Food
expense for ola share cab,Transport
tailor charges,Other
payment for bike service center,Transport
from stall,Food
payment for sushi order online,Food
AADHAR CARD UPDATE,Other
ice sundae,Food
TOOTHPASTE SENSODYNE,Shopping
Tips waiter restaurant,Other
Edx course fee,Study Materials
towel bath,Shopping
spent on parking slot monthly,Bills
purchased cold drink pepsi,Food
monthly decorative items room,Shopping
weekly combo meal kfc,Food
payment for atm withdrawal fee,Other
surprise party arrangement,Entertainment
CHICKEN WINGS ORDER,Food
TIRE PUNCTURE REPAIR,Transport
Bird cage seed,Other
PAV BHAJI STREET FOOD,Food
purchased passport photo booth,Other
bought shawarma roll street,Food
Toothpaste sensodyne,Shopping
expense for covid test rtpcr,Health
payment for slippers flip flops,Shopping
VOLVO BUS BOOKING,Transport
purchased hoodie sweatshirt,Shopping
nebulizer buy,Health
weekly pet food purchase,Other
Photo booth rental,Entertainment
magazine subscription,Bills
Vada pav snack,Food
charges mall,Transport
BATTERY REPLACEMENT VEHICLE,Transport
POHA JALEBI BREAKFAST,Food
monthly screen protector laptop,Study Materials
WATER PARK ENTRY,Entertainment
waiter restaurant,Other
bought lunch at canteen,Food
Postal stamp letter,Other
landline phone bill,Bills
spent on vitamin tablets,Health
Chocolate dairy milk,Food
spent on soup at restaurant,Food
purchased chegg study subscription,Study Materials
Gurdwara langar donation,Other
mouse buy,Study Materials
purchased hackerrank premium,Study Materials
weekly ac service maintenance,Bills
Taxi from station,Transport
board game,Entertainment
donut from dunkin,Food
notebook and,Study Materials
purchased mobile recharge prepaid,Bills
internet wifi,Bills
purchased driving school fees,Transport
Shared auto morning,Transport
paid for jio cinema premium,Entertainment
purchased noodles from chinese stall,Food
Bike fuel top up,Transport
purchased coconut water from stall,Food
PANCAKE BREAKFAST CAFE,Food
municipal tax payment,Bills
flipkart purchase,Shopping
lens cleaning solution,Health
VEHICLE INSURANCE PAYMENT,Transport
monthly whiteboard markers,Study Materials
bought umbrella repair shop,Other
charged for ultrasound checkup fee,Health
weekly twitch subscription streamer,Entertainment
expense for garden tools purchase,Other
THERMOMETER DIGITAL,Health
monthly laptop charger replacement,Study Materials
monthly matlab license,Study Materials
insurance premium health,Bills
payment for spotify family plan,Entertainment
charged for holi colors purchase,Entertainment
Contact lens purchase,Health
COLD DRINK PEPSI,Food
charged for dal rice meal,Food
sensors kit,Study Materials
dog grooming service,Other
Tailor alteration charges,Other
Fever medicine dolo,Health
purchased water bottle flask,Shopping
bought subscription renewal annual,Bills
CHAAT AT STALL,Food
Dermatologist visit,Health
wrap at college,Food
Thali at dhaba,Food
BP MONITOR DEVICE,Health
weekly garden tools purchase,Other
expense for ac service maintenance,Bills
spent on insurance premium health,Bills
Garden tools purchase,Other
NEWSPAPER DELIVERY MONTHLY,Bills
charged for emi payment loan,Bills
Electrician service home,Bills
random impulse buy,Other
x ray scan charges,Health
chart paper project,Study Materials
bought power bank buy,Shopping
jio cinema,Entertainment
mediclaim policy renewal,Health
Falafel wrap,Food
purchased antivirus license,Bills
SANITIZER HAND WASH,Health
VALENTINES DAY DINNER,Entertainment
PHOTOCOPY MISCELLANEOUS,Other
charged for inhaler asthma refill,Health
control service,Bills
Gym membership monthly,Bills
spent on donut from dunkin,Food
cab surge pricing night,Transport
bought mobile recharge prepaid,Bills
purchased samosa and chai,Food
bought raspberry pi board,Study Materials
payment for health insurance premium,Health
COURIER DELIVERY CHARGES,Other
spent on club membership fee,Bills
curtains window,Shopping
LANDLINE PHONE BILL,Bills
CAKE FOR BIRTHDAY,Food
PIZZA FROM DOMINOS,Food
payment for gym membership monthly,Bills
expense for notary stamp charge,Other
charged for cycle repair shop,Transport
payment for movie ticket inox,Entertainment
AMAZON GREAT SALE,Shopping
membership monthly,Bills
expense for museum entry fee,Entertainment
bike service center,Transport
BEACH OUTING FOOD,Entertainment
Chicken tikka order,Food
payment for soap body wash,Shopping
DTH RECHARGE TATA,Bills
weekly cab to airport,Transport
WRAP AT COLLEGE CAFETERIA,Food
Car wash service,Transport
PATHOLOGY LAB TESTS,Health
contact lens purchase,Health
bill postpaid,Bills
GO KARTING RACING,Entertainment
Auto to market,Transport
party expenses club,Entertainment
Camping gear rental,Entertainment
Apartment rent monthly,Bills
payment for gym membership annual,Health
paid for movie ticket pvr,Entertainment
decorative items,Shopping
sandals casual wear,Shopping
weekly ott platform bill,Bills
skipping rope,Shopping
Physiotherapy session,Health
DAL MAKHANI DINNER,Food
bedsheet pillow cover,Shopping
paid for poster printing large,Study Materials
GIFT FOR FRIEND BIRTHDAY,Other
banner for presentation,Study Materials
chole bhature,Food
Rapido bike taxi,Transport
car service,Transport
ent doctor ear nose,Health
charged for extension board electrical,Shopping
metro token purchase,Transport
poster large,Study Materials
ticket inox,Entertainment
charged for swimming goggles cap,Shopping
Foreign currency exchange,Other
weekly lock repair service,Other
payment for uber go ride home,Transport
Vaccination shot flu,Health
paper ream A4,Study Materials
paid for hospital visit charges,Health
LOST ITEM REPLACEMENT,Other
medical test blood,Health
acne medication,Health
weekly spectacles new frame,Health
weekly bike service center,Transport
kidney test,Health
ENGINE OIL CHANGE,Transport
payment for saree for function,Shopping
Water bill monthly,Bills
Bus ticket purchase,Transport
bought maggi from store,Food
spent on banner for presentation,Study Materials
charged for oximeter pulse device,Health
prime sedan,Transport
monthly laundry dry cleaning,Other
spent on donation charity fund,Other
charged for bus fare city transport,Transport
coconut water from stall,Food
paid for bedsheet pillow cover,Shopping
Face wash nivea,Shopping
UDEMY COURSE PURCHASE,Study Materials
weekly sleeper bus journey,Transport
Ola prime sedan,Transport
SOUP AT RESTAURANT,Food
from subway,Food
expense for jio cinema premium,Entertainment
monthly paneer tikka starter,Food
Model making supplies,Study Materials
LAPTOP CHARGER REPLACEMENT,Study Materials
PAIN KILLER PARACETAMOL,Health
Binding spiral book,Study Materials
bought fruit bowl from vendor,Food
dj booking party,Entertainment
ENT DOCTOR EAR NOSE,Health
Moisturizer cream,Shopping
Backpack bag new,Shopping
monthly poha jalebi breakfast,Food
E rickshaw ride,Transport
turnitin access,Study Materials
paid for municipal tax payment,Bills
water bill monthly,Bills
payment for fitness band purchase,Shopping
dumbbell home gym,Shopping
life insurance premium,Bills
STEAM GAME PURCHASE,Entertainment
bus fare transport,Transport
OLA OUTSTATION TRIP,Transport
TEA AND SNACKS,Food
formal shirt,Shopping
expense for mri scan cost,Health
expense for music subscription bill,Bills
CAMPING GEAR RENTAL,Entertainment
rain coat buy,Shopping
monthly tailor alteration charges,Other
monthly highlighter markers,Study Materials
CONTACT LENS PURCHASE,Health
gaming credits,Entertainment
weekly metro smart card recharge,Transport
specialist visit,Health
charged for risotto at restaurant,Food
KIDNEY FUNCTION TEST,Health
MANCHURIAN FROM STALL,Food
Photo frame buy,Shopping
driving school fees,Transport
charged for stationery supplies,Study Materials
electricity bill payment,Bills
scientific calculator,Study Materials
umbrella repair shop,Other
payment for subscription renewal annual,Bills
purchased fruit bowl from vendor,Food
Movie ticket inox,Entertainment
expense for weekend getaway hotel,Entertainment
purchased drawing sheet A3,Study Materials
cold drink,Food
Cake for birthday,Food
payment for jio fiber monthly,Bills
expense for hard disk external,Study Materials
paid for ferry boat ticket,Transport
Library fine payment,Study Materials
paid for acne medication cream,Health
Resistance band set,Shopping
tatkal train ticket,Transport
Project materials hardware,Study Materials
airtel broadband bill,Bills
expense for antiseptic dettol buy,Health
purchased airtel broadband bill,Bills
Ent doctor ear nose,Health
bought phone case cover,Shopping
visa application fee,Other
TURNITIN ACCESS,Study Materials
monthly trimmer philips buy,Shopping
monthly dinner at restaurant,Food
passport photo booth,Other
Subscription renewal annual,Bills
monthly magazine subscription,Bills
weekly parking slot monthly,Bills
monthly cruise ship ticket,Transport
Late fee library,Other
charged for xerox copies notes,Study Materials
band aid first aid,Health
aquarium supplies,Other
spent on smoothie berry blast,Food
expense for gardener charges monthly,Bills
charged for dog grooming service,Other
water service,Bills
Phone bill postpaid,Bills
broadband bill monthly,Bills
Xerox copies notes,Study Materials
x scan charges,Health
monthly charity box donation,Other
payment for raspberry pi board,Study Materials
saree for function,Shopping
xerox copies notes,Study Materials
local train pass,Transport
expense for watch purchase online,Shopping
paid for omega 3 fish oil,Health
charged for cricket match tickets,Entertainment
spent on icloud storage apple,Bills
DJ BOOKING PARTY,Entertainment
YOUTUBE PREMIUM PLAN,Entertainment
charged for fire insurance annual,Bills
graph sheets,Study Materials
Kurta ethnic wear,Shopping
Urine test sample,Health
paratha with curd,Food
paid for broadband bill monthly,Bills
charged for chemistry lab supplies,Study Materials
biscuits parle g,Food
SHARED AUTO MORNING,Transport
weekly billiards pool game,Entertainment
Highlighter markers,Study Materials
gym gloves buy,Shopping
spent on ultrasound checkup fee,Health
chocolate dairy milk,Food
newspaper delivery monthly,Bills
weekly mineral water bottle,Food
membership fee,Bills
inhaler asthma,Health
bought vehicle insurance payment,Transport
SOCIETY MAINTENANCE,Bills
weekly swiggy delivery,Food
bought band aid first aid,Health
Power bank buy,Shopping
spent on nike shoes purchase,Shopping
RENTAL CAR CHARGES,Transport
purchased passport application fee,Other
SAMOSA AND CHAI,Food
charged for paratha with curd,Food
expense for plumber service call,Bills
monthly foreign currency exchange,Other
Electricity bill payment,Bills
bought jeans denim purchase,Shopping
monthly apartment rent monthly,Bills
Fitness equipment buy,Health
bought kurta ethnic wear,Shopping
app subscription fee,Bills
Wireless headphones,Shopping
bought football match viewing,Entertainment
purchased bus ticket purchase,Transport
backpack bag new,Shopping
Swimming goggles cap,Shopping
payment for toner refill laser,Study Materials
Penalty charges bank,Other
STATIONERY SUPPLIES,Study Materials
charged for mouse wireless buy,Study Materials
RESISTANCE BAND SET,Shopping
bread dominos,Food
textbook purchase,Study Materials
ortho consultation knee,Health
purchased shawarma roll street,Food
spent on toothpaste sensodyne,Shopping
weekly pg room rent,Bills
picnic outing,Entertainment
bought washing machine service,Bills
spent on playstation game buy,Entertainment
Turnitin access,Study Materials
spent on pub night out,Entertainment
POSTAL STAMP LETTER,Other
weekly perfume purchase,Shopping
Lunch box container,Shopping
SLEEPER BUS JOURNEY,Transport
payment for razor shaving kit,Shopping
weekly photocopy miscellaneous,Other
ZOOM PRO SUBSCRIPTION,Study Materials
paid for water purifier service,Bills
PSYCHIATRIST COUNSELING,Health
GYM GLOVES BUY,Shopping
VET DOCTOR VISIT,Other
chart paper,Study Materials
t shirt new,Shopping
TAXI FROM STATION,Transport
BREADBOARD ELECTRONICS,Study Materials
paid for fine traffic penalty,Other
TIPS WAITER RESTAURANT,Other
weighing scale digital,Shopping
care treatment,Health
Surprise party arrangement,Entertainment
expense for pet food purchase,Other
paratha with,Food
juice from fresh,Food
Bedsheet pillow cover,Shopping
DRIVING SCHOOL FEES,Transport
bought model making supplies,Study Materials
Watch purchase online,Shopping
Charity box donation,Other
parking slot monthly,Bills
expense for plant fertilizer buy,Other
purchased spotify premium plan,Entertainment
charged for watch purchase online,Shopping
charged for breadboard electronics,Study Materials
expense for random impulse buy,Other
Life insurance premium,Bills
energy drink redbull,Food
jacket winter,Shopping
bought coconut water from stall,Food
ELECTRICIAN SERVICE HOME,Bills
slot monthly,Bills
GYM MEMBERSHIP MONTHLY,Bills
payment for art gallery visit,Entertainment
MOUSE WIRELESS BUY,Study Materials
monthly pan card application,Other
SALWAR SUIT PURCHASE,Shopping
expense for carpenter furniture repair,Bills
society maintenance,Bills
expense for thermometer digital,Health
chemistry lab supplies,Study Materials
bought upma for morning,Food
laser game,Entertainment
Chiropractor appointment,Health
CURTAINS WINDOW,Shopping
payment for skipping rope fitness,Shopping
lounge entry fee,Entertainment
Salwar suit purchase,Shopping
paid for french fries mcdonalds,Food
Medicine from pharmacy,Health
SOAP BODY WASH,Shopping
CYCLE REPAIR SHOP,Transport
uber go ride home,Transport
weekly hostel maintenance fee,Bills
Toothbrush colgate,Shopping
from chinese stall,Food
FORMAL SHIRT OFFICE,Shopping
myntra clothes,Shopping
monthly karaoke night,Entertainment
paid for upma for morning,Food
purchased highway toll payment,Transport
Weighing scale digital,Shopping
insurance annual,Bills
payment for train ticket booking,Transport
sports shoes,Shopping
dosa at south indian restaurant,Food
petrol for,Transport
Naan with gravy,Food
Driving school fees,Transport
omega fish oil,Health
surgery hospital bill,Health
youtube premium,Entertainment
charged for club membership fee,Bills
vehicle insurance renewal,Bills
expense for fitness equipment buy,Health
paid for escape room game,Entertainment
spent on lens cleaning solution,Health
Ferry boat ticket,Transport
MILKSHAKE KEVENTERS,Food
paid for board game purchase,Entertainment
paid for udemy course purchase,Study Materials
weekly hair oil purchase,Shopping
TRAMPOLINE PARK ENTRY,Entertainment
purchased dosa at south indian restaurant,Food
charged for parking lot fee,Transport
bluetooth earbuds,Shopping
bought zomato order,Food
JUICE FROM FRESH BAR,Food
NEW YEAR PARTY TICKETS,Entertainment
Kebab from restaurant,Food
payment for zomato order,Food
zoom pro subscription,Study Materials
purchased meru cab airport,Transport
bought naan with gravy,Food
payment for punching machine buy,Study Materials
pav bhaji street food,Food
monthly cook salary monthly,Bills
LINKEDIN LEARNING MONTHLY,Study Materials
ANTISEPTIC DETTOL BUY,Health
SECURITY DEPOSIT ADVANCE,Bills
Zee5 annual plan,Entertainment
paid for art gallery visit,Entertainment
key duplicate,Other
plant fertilizer buy,Other
monthly life insurance premium,Bills
VACCINATION SHOT FLU,Health
expense for trimmer philips buy,Shopping
bsnl landline,Bills
laundry monthly,Bills
DEODORANT AXE SPRAY,Shopping
Valentines day dinner,Entertainment
Banner for presentation,Study Materials
weekly sonyliv subscription,Entertainment
SERVER HOSTING MONTHLY,Bills
RICKSHAW TO HOSTEL,Transport
weekly municipal tax payment,Bills
pubg uc purchase,Entertainment
expense for thali at dhaba,Food
water bill,Bills
Painter wall service,Bills
edx fee,Study Materials
charged for gurdwara langar donation,Other
KULCHA CHOLE,Food
bakery pastry,Food
purchased sunscreen spf purchase,Health
Wall clock purchase,Shopping
spent on gym gloves buy,Shopping
monthly diesel for car,Transport
vada breakfast,Food
monthly fitness band purchase,Shopping
Notion premium plan,Study Materials
cough syrup purchase,Health
paid for deodorant axe spray,Shopping
Acne medication cream,Health
weekly life insurance premium,Bills
monthly wall clock purchase,Shopping
charged for falafel wrap,Food
Football match viewing,Entertainment
Meditation app subscription,Health
PAINTER WALL SERVICE,Bills
visit charges,Health
monthly surprise party arrangement,Entertainment
Broadband bill monthly,Bills
spent on meru cab airport,Transport
cricket tickets,Entertainment
pencil eraser,Study Materials
monthly file folder organizer,Study Materials
weekly yacht rental,Transport
sensors kit robotics,Study Materials
ups maintenance charge,Bills
CHOCOLATE DAIRY MILK,Food
payment for smart watch fitness,Shopping
Pizza from dominos,Food
shawarma roll street,Food
rapido taxi,Transport
weekly driving school fees,Transport
spent on tea and snacks,Food
spent on scooter petrol fill,Transport
Rajma chawal lunch,Food
SHOE REPAIR COBBLER,Other
spent on toner refill laser,Study Materials
spent on liver function test,Health
expense for rickshaw to hostel,Transport
spent on bedsheet pillow cover,Shopping
Paper ream a4,Study Materials
STICKY NOTES PACK,Study Materials
cold drink pepsi,Food
COFFEE AT STARBUCKS,Food
thali at dhaba,Food
Gst payment business,Bills
payment for sketch pens color,Study Materials
paid for mobile recharge prepaid,Bills
pants joggers,Shopping
payment for online certification exam,Study Materials
eye checkup,Health
room rent monthly,Bills
flipkart big billion,Shopping
new year party tickets,Entertainment
usb flash,Study Materials
Perfume purchase,Shopping
expense for miscellaneous expense,Other
bought rapido bike taxi,Transport
bought internet wifi bill,Bills
youtube premium plan,Entertainment
pest control service,Bills
payment for pathology lab tests,Health
spent on bus pass monthly,Transport
bought mobile game in app,Entertainment
paid for diabetes checkup annual,Health
Mess monthly fee,Food
weekly donation charity fund,Other
payment for rapido auto booking,Transport
samosa and chai,Food
train ticket,Transport
laptop accessories,Shopping
pasta cafe,Food
weekend getaway hotel,Entertainment
expense for biscuits parle g,Food
payment for yulu cycle ride,Transport
Saree for function,Shopping
Razor shaving kit,Shopping
monthly municipal tax payment,Bills
payment for cab surge pricing night,Transport
UMBRELLA PURCHASE,Shopping
DIABETES CHECKUP ANNUAL,Health
BIRYANI ORDER,Food
spent on slippers flip flops,Shopping
Paneer butter masala dinner,Food
xbox game pass,Entertainment
paid for fairy lights string,Shopping
charged for plumber service call,Bills
BAKERY PASTRY,Food
phone case cover,Shopping
ortho knee,Health
Football buy,Shopping
expense for noodles from chinese stall,Food
rental car,Transport
casual wear,Shopping
smart fitness,Shopping
Cab surge pricing night,Transport
PARKING CHARGES MALL,Transport
weekly compass geometry set,Study Materials
driver payment,Bills
wrap at college cafeteria,Food
pav bhaji food,Food
weekly raspberry pi board,Study Materials
spent on shampoo conditioner,Shopping
paneer tikka starter,Food
app subscription,Bills
weekly physics experiment kit,Study Materials
WATER BOTTLE FLASK,Shopping
Raspberry pi board,Study Materials
MONEY TRANSFER CHARGES,Other
lunch box container,Shopping
FRIED RICE TAKEAWAY,Food
smart watch fitness,Shopping
charged for uber pool ride,Transport
charged for medical test blood,Health
monthly miscellaneous expense,Other
monthly icloud storage apple,Bills
spent on amazon great sale,Shopping
spent on cab surge pricing night,Transport
pancake breakfast cafe,Food
purchased kulcha chole,Food
expense for pathology lab tests,Health
expense for grooming kit set,Shopping
monthly combo meal kfc,Food
metro smart recharge,Transport
expense for rain coat buy,Shopping
weekly fried rice takeaway,Food
indriver cab fare,Transport
vada pav snack,Food
yoga mat,Shopping
weekly karaoke night,Entertainment
weighing scale,Shopping
bought photo frame buy,Shopping
monthly thyroid test charges,Health
expense for ambulance charges,Health
Miscellaneous expense,Other
PANEER TIKKA STARTER,Food
PLAYSTATION GAME BUY,Entertainment
Pollution check certificate,Transport
fitness buy,Health
urine sample,Health
spent on towel bath new,Shopping
jeans purchase,Shopping
FEVER MEDICINE DOLO,Health
expense for edx course fee,Study Materials
monthly maggi from store,Food
purchased hair fall treatment,Health
escape room,Entertainment
charged for t shirt new,Shopping
PUB NIGHT OUT,Entertainment
face wash nivea,Shopping
SHAWARMA ROLL STREET,Food
payment for bus ticket purchase,Transport
purchased donut from dunkin,Food
charged for smoothie berry blast,Food
paid for calcium supplement tabs,Health
LUNCH BOX CONTAINER,Shopping
trampoline park,Entertainment
court stamp paper,Other
Cycle repair shop,Transport
Microsoft office 365,Study Materials
bought mess monthly fee,Food
cable car ride,Transport
gift for friend birthday,Other
medicine antihistamine,Health
weekly evernote subscription,Study Materials
naan with gravy,Food
paid for gym gloves buy,Shopping
bought protein bar snack,Food
MYNTRA CLOTHES ORDER,Shopping
purchased nebulizer mask buy,Health
purchased photocopy miscellaneous,Other
ecg test charges,Health
bought sleep aid melatonin,Health
purchased swiggy delivery,Food
News subscription digital,Bills
bought salwar suit purchase,Shopping
FLIPKART BIG BILLION,Shopping
vehicle insurance payment,Transport
french fries mcdonalds,Food
monthly laser tag game,Entertainment
Pancake breakfast cafe,Food
stand up comedy,Entertainment
TEXTBOOK PURCHASE,Study Materials
payment for magazine subscription,Bills
paid for toothpaste sensodyne,Shopping
charged for hospital visit charges,Health
expense for matlab license,Study Materials
Washing machine service,Bills
purchased salwar suit purchase,Shopping
charged for battery replacement vehicle,Transport
biryani order,Food
spent on helicopter tour booking,Transport
parking charges mall,Transport
purchased band aid first aid,Health
dental checkup visit,Health
SPOTIFY PREMIUM PLAN,Entertainment
expense for online certification exam,Study Materials
paid for file folder organizer,Study Materials
expense for protein bar snack,Food
rapido auto booking,Transport
BISCUITS PARLE G,Food
LIBRARY FINE PAYMENT,Study Materials
charged for biology specimen slides,Study Materials
Whiteboard markers,Study Materials
bought kebab from restaurant,Food
ultrasound checkup fee,Health
Concert ticket booking,Entertainment
diabetes checkup annual,Health
mubi streaming,Entertainment
purchased notion premium plan,Study Materials
paid for plant pot indoor,Shopping
charged for crunchyroll anime,Entertainment
paid for ent doctor ear nose,Health
monthly zoom pro subscription,Study Materials
camping gear rental,Entertainment
pro subscription,Study Materials
KEY DUPLICATE MAKING,Other
Maggi from store,Food
PLURALSIGHT ANNUAL PLAN,Study Materials
payment for volvo bus booking,Transport
WATCH PURCHASE ONLINE,Shopping
expense for skipping rope fitness,Shopping
purchased gym membership annual,Health
bought cholesterol test lipid,Health
EXTENSION BOARD ELECTRICAL,Shopping
Noodles from chinese stall,Food
online certification exam,Study Materials
expense for notebook and pens,Study Materials
notebook and pens,Study Materials
purchased sleeper bus journey,Transport
voot select monthly,Entertainment
journal subscription ieee,Study Materials
expense for auto rickshaw fare,Transport
monthly vet doctor visit,Other
tax filing,Bills
charged for razor shaving kit,Shopping
bought landline phone bill,Bills
charged for belt leather new,Shopping
MOVIE TICKET INOX,Entertainment
scooter sharing,Transport
weekly shared auto morning,Transport
charged for tips waiter restaurant,Other
APARTMENT RENT MONTHLY,Bills
bought hookah cafe session,Entertainment
hospital bill,Health
Court stamp paper,Other
antiseptic dettol buy,Health
charged for highway toll payment,Transport
egg roll from stall,Food
charged for burger at mcdonalds,Food
COURT STAMP PAPER,Other
expense for vehicle insurance payment,Transport
purchased momos street food,Food
food purchase,Other
payment for turnitin access,Study Materials
charged for allergy medicine antihistamine,Health
payment for mri scan cost,Health
weekly myntra clothes order,Shopping
SKILLSHARE SUBSCRIPTION,Study Materials
weekly arduino kit purchase,Study Materials
rice meal,Food
bought metro card recharge,Transport
Hookah cafe session,Entertainment
ola cab,Transport
COLD FLU MEDICINE,Health
purchase online,Shopping
gaming credits purchase,Entertainment
Jio cinema premium,Entertainment
weekly property tax payment,Bills
bought sanitizer hand wash,Health
bought wall clock purchase,Shopping
SONYLIV SUBSCRIPTION,Entertainment
weekly journal subscription ieee,Study Materials
VEHICLE INSURANCE RENEWAL,Bills
Hotstar subscription,Entertainment
Skipping rope fitness,Shopping
thermometer digital,Health
payment for lounge entry fee,Entertainment
Grammarly premium,Study Materials
bought sonyliv subscription,Entertainment
purchased ac service maintenance,Bills
photocopy assignment,Study Materials
weekly driver salary payment,Bills
uber eats delivery charge,Transport
MEDICINE FROM PHARMACY,Health
monthly kulcha chole,Food
charged for car wash service,Transport
HOME DECOR PAINTING,Other
charged for skillshare subscription,Study Materials
payment for surgery hospital bill,Health
ICLOUD STORAGE APPLE,Bills
RESEARCH PAPER ACCESS,Study Materials
spent on punching machine buy,Study Materials
umbrella purchase,Shopping
PUNCHING MACHINE BUY,Study Materials
cleaner domestic help,Bills
purchased edx course fee,Study Materials
mobile game in,Entertainment
paid for allergy medicine antihistamine,Health
Bike rental hourly,Transport
paid for ice cream sundae,Food
gurdwara langar donation,Other
charged for ferry boat ticket,Transport
omega 3 fish oil,Health
POLLUTION CHECK CERTIFICATE,Transport
license renewal,Other
news digital,Bills
COMBO MEAL KFC,Food
monthly juice from fresh bar,Food
OTT PLATFORM BILL,Bills
Waffle with syrup,Food
SLEEP AID MELATONIN,Health
Cricket bat purchase,Shopping
shoe repair cobbler,Other
WAFFLE WITH SYRUP,Food
purchased netflix subscription monthly,Entertainment
headache tablet saridon,Health
Jacket winter buy,Shopping
charged for metro token purchase,Transport
charger cable usb,Shopping
spent on lamination sheets,Study Materials
payment for flipkart purchase,Shopping
Cruise ship ticket,Transport
spent on money transfer charges,Other
charged for education loan emi,Bills
spent on mubi film streaming,Entertainment
purchased burger at mcdonalds,Food
Doctor consultation fee,Health
monitor device,Health
water bottle flask,Shopping
Health insurance premium,Health
reference book purchase,Study Materials
KARAOKE NIGHT,Entertainment
keyboard replacement,Study Materials
payment for omega 3 fish oil,Health
monthly badminton racket set,Shopping
Magazine subscription,Bills
bought t shirt new,Shopping
INDRIVER CAB FARE,Transport
CHIROPRACTOR APPOINTMENT,Health
school fees,Transport
charged for muffin chocolate,Food
paid for apple music subscription,Entertainment
IPL TICKETS STADIUM,Entertainment
shared auto morning,Transport
spent on taxi from station,Transport
DOSA AT SOUTH INDIAN RESTAURANT,Food
spent on garlic bread dominos,Food
charged for go karting racing,Entertainment
Toll pass fastag,Bills
MOSQUE OFFERING,Other
expense for momos street food,Food
ORTHO CONSULTATION KNEE,Health
monthly photo frame buy,Shopping
payment for uber eats delivery charge,Transport
spent on refrigerator repair bill,Bills
expense for trampoline park entry,Entertainment
spent on swiggy delivery,Food
Icloud storage apple,Bills
monthly risotto at restaurant,Food
punching machine,Study Materials
Chegg study subscription,Study Materials
amusement park tickets,Entertainment
paid for shoe repair cobbler,Other
purchased shoe repair cobbler,Other
EYE CHECKUP OPHTHALMOLOGIST,Health
sunscreen purchase,Health
discord nitro,Entertainment
purchased cable tv bill,Bills
Eye checkup ophthalmologist,Health
X RAY SCAN CHARGES,Health
Picnic outing expenses,Entertainment
boat ticket,Transport
expense for resistance band set,Shopping
yulu cycle ride,Transport
payment for ola cab booking,Transport
HOSTEL MAINTENANCE FEE,Bills
payment for gift wrapping supplies,Entertainment
coconut water stall,Food
ALLERGY MEDICINE ANTIHISTAMINE,Health
monthly bus ticket purchase,Transport
chemistry supplies,Study Materials
Compass geometry set,Study Materials
bought dermatologist visit,Health
weekly tailor alteration charges,Other
tailor alteration charges,Other
bought chiropractor appointment,Health
SURGERY HOSPITAL BILL,Health
expense for gift wrapping supplies,Entertainment
SOLAR PANEL EMI,Bills
balloon decoration,Entertainment
lamp study,Shopping
Biscuits parle g,Food
stamp charge,Other
MODEL MAKING SUPPLIES,Study Materials
Billiards pool game,Entertainment
bought toll plaza charges,Transport
tax payment,Bills
APP SUBSCRIPTION FEE,Bills
apartment rent monthly,Bills
payment for electricity bill payment,Bills
Autocad student license,Study Materials
meditation subscription,Health
payment for photocopy assignment,Study Materials
SURPRISE PARTY ARRANGEMENT,Entertainment
bought weighing scale digital,Shopping
graph paper sheets,Study Materials
purchased tracing paper roll,Study Materials
class monthly,Health
MEDICAL TEST BLOOD,Health
Lab manual purchase,Study Materials
hookah cafe session,Entertainment
brownie from cafe,Food
purchased dog grooming service,Other
strips buy,Health
allergy medicine antihistamine,Health
Ola share cab,Transport
payment for playstation game buy,Entertainment
BIKE SERVICE CENTER,Transport
payment for research paper access,Study Materials
Yulu cycle ride,Transport
Uber ride to college,Transport
train booking,Transport
Online certification exam,Study Materials
bought mouse wireless buy,Study Materials
spent on cold flu medicine,Health
bus ticket purchase,Transport
bike fuel top,Transport
monthly mri scan cost,Health
monthly sports bar tab,Entertainment
expense for graph paper sheets,Study Materials
charged for kurta ethnic wear,Shopping
bought aws certification voucher,Study Materials
Allergy medicine antihistamine,Health
TAILOR ALTERATION CHARGES,Other
weekly dosa at south indian restaurant,Food
bought battery replacement vehicle,Transport
Passport application fee,Other
Deodorant axe spray,Shopping
drawing sheet A3,Study Materials
amazon order electronics,Shopping
shared morning,Transport
idli vada breakfast,Food
Train reservation,Transport
weekly oximeter pulse device,Health
contact lens,Health
payment for temple offering,Other
Scooter petrol fill,Transport
Protein bar snack,Food
combo meal,Food
medicine from pharmacy,Health
fever dolo,Health
weekly nebulizer mask buy,Health
Coffee at starbucks,Food
payment for postal stamp letter,Other
SCIENTIFIC CALCULATOR,Study Materials
charged for cruise ship ticket,Transport
BUS FARE CITY TRANSPORT,Transport
journal subscription,Study Materials
charged for keyboard replacement,Study Materials
paid for zomato order,Food
Museum entry fee,Entertainment
Insurance premium health,Bills
RANDOM IMPULSE BUY,Other
Ott platform bill,Bills
bought sketch pens color,Study Materials
e ride,Transport
Shuttle bus college,Transport
ROAD TRIP FUEL SNACKS,Entertainment
weekly newspaper delivery monthly,Bills
Cleaner domestic help,Bills
spent on laundry service monthly,Bills
YOGA MAT PURCHASE,Shopping
Aws certification voucher,Study Materials
UBER POOL RIDE,Transport
expense for coffee at starbucks,Food
Cable car ride,Transport
GROOMING KIT SET,Shopping
bought protein powder supplement,Health
Myntra clothes order,Shopping
E RICKSHAW RIDE,Transport
laptop replacement,Study Materials
EDX COURSE FEE,Study Materials
payment for flat sharing rent,Bills
payment for jacket winter buy,Shopping
printing project report,Study Materials
expense for bsnl landline bill,Bills
monthly waffle with syrup,Food
spent on inverter battery replace,Bills
bought gym membership monthly,Bills
dinner at restaurant,Food
payment for shuttle bus college,Transport
BURGER AT MCDONALDS,Food
Ambulance charges,Health
card application,Other
paid for headache tablet saridon,Health
purchased rapido bike taxi,Transport
expense for vpn subscription annual,Bills
charged for meru cab airport,Transport
payment for flipkart big billion,Shopping
T SHIRT NEW,Shopping
paid for diesel for car,Transport
chiropractor appointment,Health
gear rental,Entertainment
monthly temple offering,Other
monthly pav bhaji street food,Food
auto meter,Transport
Amazon prime annual,Entertainment
AC SERVICE MAINTENANCE,Bills
Brownie from cafe,Food
THYROID TEST CHARGES,Health
picnic outing expenses,Entertainment
monthly bp monitor device,Health
purchased rickshaw to hostel,Transport
bought apollo pharmacy purchase,Health
impulse buy,Other
purchased chemistry lab supplies,Study Materials
purchased local train pass,Transport
bought temple offering,Other
purchased new year party tickets,Entertainment
amazon order,Shopping
Table lamp study,Shopping
Paratha with curd,Food
bird seed,Other
moisturizer cream,Shopping
Ct scan hospital,Health
charged for reference book purchase,Study Materials
BIRD CAGE SEED,Other
salad fresh menu,Food
coding fee,Study Materials
charged for scientific calculator,Study Materials
paid for tire puncture repair,Transport
cab to airport,Transport
Soup at restaurant,Food
rajma chawal lunch,Food
REFRIGERATOR REPAIR BILL,Bills
monthly postal stamp letter,Other
punching machine buy,Study Materials
notary stamp charge,Other
Lost item replacement,Other
monthly ups maintenance charge,Bills
GLUE STICK FEVICOL,Study Materials
bought apartment rent monthly,Bills
bought resistance band set,Shopping
bought microsoft office 365,Study Materials
monthly lunch at canteen,Food
PLANT FERTILIZER BUY,Other
toll plaza charges,Transport
spent on train reservation,Transport
cleaning solution,Health
PSYCHOLOGIST THERAPY,Health
HOT WATER BAG BUY,Health
valorant buy,Entertainment
coursera subscription,Study Materials
payment for vaccination shot flu,Health
BIKE LOAN EMI,Bills
ola outstation trip,Transport
NAAN WITH GRAVY,Food
charged for wall clock purchase,Shopping
purchased karaoke machine rental,Entertainment
MUSIC SUBSCRIPTION BILL,Bills
Vet doctor visit,Other
Internet wifi bill,Bills
Decorative items room,Shopping
trekking trip entry,Entertainment
paid for multivitamin daily,Health
paid for chart paper project,Study Materials
weekly kebab from restaurant,Food
Photocopy assignment,Study Materials
spent on bird cage seed,Other
pharmacy purchase,Health
purchased scooter petrol fill,Transport
key duplicate making,Other
expense for journal subscription ieee,Study Materials
linkedin learning monthly,Study Materials
hotstar subscription,Entertainment
paid for mosquito repellent buy,Health
ZEE5 ANNUAL PLAN,Entertainment
charity box donation,Other
POSTER PRINTING LARGE,Study Materials
Photocopy miscellaneous,Other
charged for cold flu medicine,Health
ART GALLERY VISIT,Entertainment
Sandwich from subway,Food
payment for camping gear rental,Entertainment
expense for photocopy assignment,Study Materials
charged for fever medicine dolo,Health
tips waiter restaurant,Other
cruise ship,Transport
expense for formal shirt office,Shopping
X ray scan charges,Health
spent on laptop accessories buy,Shopping
expense for yoga mat purchase,Shopping
samosa chai,Food
charged for pan card application,Other
bought inverter battery replace,Bills
bought vada pav snack,Food
purchased chaat at stall,Food
charged for amusement park tickets,Entertainment
bought amusement park tickets,Entertainment
Ipl tickets stadium,Entertainment
auto to market,Transport
bike fuel top up,Transport
monthly trekking trip entry,Entertainment
weekly fairy lights string,Shopping
weekly yoga mat purchase,Shopping
DONUT FROM DUNKIN,Food
Skillshare subscription,Study Materials
track pants joggers,Shopping
paid for pain killer paracetamol,Health
charged for hookah cafe session,Entertainment
weekly bedsheet pillow cover,Shopping
monthly psychiatrist counseling,Health
RCB CERTIFICATE,Other
purchased lens cleaning solution,Health
paneer tikka,Food
weekly room rent monthly,Bills
kit purchase,Study Materials
Mediclaim policy renewal,Health
bought towel bath new,Shopping
YACHT RENTAL,Transport
expense for tips waiter restaurant,Other
paid for rickshaw to hostel,Transport
paid for income tax filing,Bills
weekly courier delivery charges,Other
BALLOON DECORATION,Entertainment
combo meal kfc,Food
billiards pool game,Entertainment
payment for bowling alley outing,Entertainment
monthly yoga mat purchase,Shopping
PERFUME PURCHASE,Shopping
flat sharing,Bills
karaoke machine,Entertainment
petrol fill,Transport
payment for garden tools purchase,Other
monthly property tax payment,Bills
payment for electrician service home,Bills
aadhar card update,Other
belt leather,Shopping
CT SCAN HOSPITAL,Health
UBER RIDE TO COLLEGE,Transport
amazon great sale,Shopping
Halloween costume buy,Entertainment
NEBULIZER MASK BUY,Health
cake for birthday,Food
payment for voot select monthly,Entertainment
trimmer philips buy,Shopping
spotify premium plan,Entertainment
vpn subscription annual,Bills
charged for church donation,Other
URINE TEST SAMPLE,Health
purchased chiropractor appointment,Health
bought train reservation,Transport
charged for dj booking party,Entertainment
PG ROOM RENT,Bills
SALAD FROM FRESH MENU,Food
aws certification voucher,Study Materials
CAB TO AIRPORT,Transport
expense for gym gloves buy,Shopping
purchased multivitamin daily,Health
payment for kurta ethnic wear,Shopping
charged for liver function test,Health
lassi from lassi shop,Food
COVID TEST RTPCR,Health
payment for education loan emi,Bills
charged for sushi order online,Food
METRO SMART CARD RECHARGE,Transport
with syrup,Food
bought idli vada breakfast,Food
from lassi shop,Food
purchased e rickshaw ride,Transport
expense for phone bill postpaid,Bills
bowling outing,Entertainment
halloween costume buy,Entertainment
TREKKING TRIP ENTRY,Entertainment
temple offering,Other
Beach outing food,Entertainment
expense for money transfer charges,Other
skillshare subscription,Study Materials
Sports bar tab,Entertainment
weekly landline phone bill,Bills
new year party,Entertainment
CABLE CAR RIDE,Transport
THEATRE PLAY TICKETS,Entertainment
expense for electricity bill payment,Bills
parking lot fee,Transport
Zomato order,Food
monthly umbrella purchase,Shopping
expense for tire puncture repair,Transport
monthly church donation,Other
pathology lab,Health
BILLIARDS POOL GAME,Entertainment
courier delivery charges,Other
payment for binding spiral book,Study Materials
payment for affidavit legal fee,Other
subscription bill,Bills
JIO CINEMA PREMIUM,Entertainment
payment for watch purchase online,Shopping
CODING BOOTCAMP FEE,Study Materials
ATM WITHDRAWAL FEE,Other
purchased trampoline park entry,Entertainment
purchased razor shaving kit,Shopping
TATKAL TRAIN TICKET,Transport
expense for shuttle bus college,Transport
payment for notion premium plan,Study Materials
UPMA FOR MORNING,Food
highway toll payment,Transport
bowling alley outing,Entertainment
steam game purchase,Entertainment
Vehicle insurance payment,Transport
monthly paper ream A4,Study Materials
ANNIVERSARY CELEBRATION,Entertainment
Printing project report,Study Materials
spent on life insurance premium,Bills
Vehicle insurance renewal,Bills
BANNER FOR PRESENTATION,Study Materials
concert booking,Entertainment
amazon prime annual,Entertainment
BADMINTON RACKET SET,Shopping
payment for pubg uc purchase,Entertainment
Soap body wash,Shopping
paid for zee5 annual plan,Entertainment
bought sports bar tab,Entertainment
biology slides,Study Materials
weekly charity box donation,Other
GURDWARA LANGAR DONATION,Other
CRICKET MATCH TICKETS,Entertainment
purchased sticky notes pack,Study Materials
weekly rental car charges,Transport
AIRTEL BROADBAND BILL,Bills
Psychiatrist counseling,Health
payment for museum entry fee,Entertainment
CARPENTER FURNITURE REPAIR,Bills
apollo pharmacy purchase,Health
COOK SALARY MONTHLY,Bills
FLIPKART PURCHASE,Shopping
Donation charity fund,Other
paid for weekend getaway hotel,Entertainment
leetcode premium subscription,Study Materials
expense for solar panel emi,Bills
stapler and,Study Materials
Parking charges mall,Transport
VISA APPLICATION FEE,Other
lounge entry,Entertainment
MULTIVITAMIN DAILY,Health
monthly late fee library,Other
monthly water purifier service,Bills
spent on new year party tickets,Entertainment
TROUSER FORMAL WEAR,Shopping
bought samosa and chai,Food
compass set,Study Materials
weekly flight ticket,Transport
CALCIUM SUPPLEMENT TABS,Health
bought funicular railway fare,Transport
weekly steam game purchase,Entertainment
expense for health insurance premium,Health
laptop accessories buy,Shopping
paid for whiteboard markers,Study Materials
bought paneer butter masala dinner,Food
bought pancake breakfast cafe,Food
expense for allergy medicine antihistamine,Health
helicopter booking,Transport
bought waffle with syrup,Food
DERMATOLOGIST VISIT,Health
lost replacement,Other
paid for court stamp paper,Other
File folder organizer,Study Materials
jio fiber,Bills
steam purchase,Entertainment
MUNICIPAL TAX PAYMENT,Bills
Coursera subscription,Study Materials
Karaoke night,Entertainment
expense for protein powder supplement,Health
jeans denim purchase,Shopping
APOLLO PHARMACY PURCHASE,Health
bought water bottle flask,Shopping
interstate bus ticket,Transport
purchased holi colors purchase,Entertainment
purchased vpn subscription annual,Bills
AUTO RICKSHAW FARE,Transport
MOSQUITO REPELLENT BUY,Health
Lens cleaning solution,Health
bought ct scan hospital,Health
Auto meter fare,Transport
backpack bag,Shopping
charged for lassi from lassi shop,Food
Sports shoes running,Shopping
monthly spectacles new frame,Health
bought decorative items room,Shopping
psychologist therapy,Health
INTERNET WIFI BILL,Bills
karaoke machine rental,Entertainment
purchased energy drink redbull,Food
subscription renewal annual,Bills
charged for garlic bread dominos,Food
trekking trip,Entertainment
purchased pancake breakfast cafe,Food
spent on gardener charges monthly,Bills
purchased jio cinema premium,Entertainment
expense for linkedin learning monthly,Study Materials
payment for mask n95 purchase,Health
PUBG UC PURCHASE,Entertainment
monthly airtel broadband bill,Bills
TOOTHBRUSH COLGATE,Shopping
certification voucher,Study Materials
bought netflix subscription monthly,Entertainment
Solar panel emi,Bills
weekly mess monthly fee,Food
expense for curtains window,Shopping
paid for hackerrank premium,Study Materials
SUNSCREEN SPF PURCHASE,Health
uber to college,Transport
weekly energy drink redbull,Food
badminton racket set,Shopping
cab pricing night,Transport
ELECTRICITY BILL PAYMENT,Bills
rental car charges,Transport
SKETCH PENS COLOR,Study Materials
yacht rental,Transport
Cold drink pepsi,Food
expense for prescription medicines refill,Health
Gas cylinder refill,Bills
COMPASS GEOMETRY SET,Study Materials
expense for toner refill laser,Study Materials
CHICKEN TIKKA ORDER,Food
foreign exchange,Other
purchased volvo bus booking,Transport
emi payment loan,Bills
lab manual purchase,Study Materials
Grooming kit set,Shopping
payment for lassi from lassi shop,Food
SANDWICH FROM SUBWAY,Food
monthly comedy show tickets,Entertainment
Vitamin tablets,Health
icloud storage,Bills
Bike service center,Transport
Valorant skin buy,Entertainment
SCREEN PROTECTOR LAPTOP,Study Materials
spent on painter wall service,Bills
pencil eraser set,Study Materials
weekly yoga class monthly,Health
spent on stand up comedy,Entertainment
BELT LEATHER NEW,Shopping
MISCELLANEOUS EXPENSE,Other
monthly cycling shorts,Shopping
Burger at mcdonalds,Food
monthly bus fare city transport,Transport
INVERTER BATTERY REPLACE,Bills
xbox pass,Entertainment
paid for urine test sample,Health
GAMING CREDITS PURCHASE,Entertainment
monthly weighing scale digital,Shopping
Netflix subscription monthly,Entertainment
MEDICLAIM POLICY RENEWAL,Health
charged for painter wall service,Bills
acne medication cream,Health
spent on soap body wash,Shopping
weekly chole bhature,Food
purchased curtains window,Shopping
gym membership monthly,Bills
Bus pass monthly,Transport
landline bill,Bills
bought lamination sheets,Study Materials
payment for dumbbell home gym,Shopping
spent on antiseptic dettol buy,Health
payment for table lamp study,Shopping
paid for parking lot fee,Transport
weekly key duplicate making,Other
weekly zee5 annual plan,Entertainment
Band aid first aid,Health
INK CARTRIDGE PRINTER,Study Materials
monthly jeans denim purchase,Shopping
FLIGHT TICKET,Transport
weekly vet doctor visit,Other
payment for apollo pharmacy purchase,Health
charged for urine test sample,Health
spent on salad from fresh menu,Food
payment for photo booth rental,Entertainment
charged for printing project report,Study Materials
bought medical test blood,Health
payment for towel bath new,Shopping
monthly inverter battery replace,Bills
Drawing sheet a3,Study Materials
Shawarma roll street,Food
Glucometer strips buy,Health
bought engine oil change,Transport
payment for room rent monthly,Bills
DINNER AT RESTAURANT,Food
bought gurdwara langar donation,Other
fish fry dinner,Food
Leetcode premium subscription,Study Materials
Education loan emi,Bills
PHOTOCOPY ASSIGNMENT,Study Materials
Journal subscription ieee,Study Materials
charged for landline phone bill,Bills
COUGH SYRUP PURCHASE,Health
monthly apple music subscription,Entertainment
INCOME TAX FILING,Bills
spent on metro smart card recharge,Transport
bought mosque offering,Other
hookah cafe,Entertainment
payment for paratha with curd,Food
payment for inhaler asthma refill,Health
Laundry dry cleaning,Other
fitness purchase,Shopping
expense for steam game purchase,Entertainment
Coconut water from stall,Food
adobe cloud,Study Materials
kebab from restaurant,Food
Slippers flip flops,Shopping
purchased billiards pool game,Entertainment
expense for contact lens purchase,Health
usb drive flash,Study Materials
spent on screen protector laptop,Study Materials
Lamination sheets,Study Materials
FUNICULAR RAILWAY FARE,Transport
spent on laundry dry cleaning,Other
